,fecha,corriente,primera,extra
0,2016-01-04,14000.0,16000.0,16000.0
1,2016-01-05,14000.0,16000.0,16000.0
2,2016-01-06,14000.0,16000.0,16000.0
3,2016-01-07,24000.0,26000.0,26000.0
4,2016-01-08,24000.0,26000.0,26000.0
5,2016-01-09,24000.0,26000.0,26000.0
6,2016-01-12,24000.0,25000.0,25000.0
7,2016-01-13,21000.0,23000.0,23000.0
8,2016-01-14,21000.0,23000.0,23000.0
9,2016-01-15,21000.0,23000.0,23000.0
10,2016-01-16,26000.0,28000.0,28000.0
11,2016-01-18,26000.0,28000.0,28000.0
12,2016-01-19,26000.0,28000.0,28000.0
13,2016-01-20,26000.0,28000.0,28000.0
14,2016-01-21,26000.0,28000.0,28000.0
15,2016-01-22,26000.0,28000.0,28000.0
16,2016-01-23,26000.0,28000.0,28000.0
17,2016-01-25,26000.0,28000.0,28000.0
18,2016-01-26,26000.0,28000.0,28000.0
19,2016-01-28,26000.0,28000.0,28000.0
20,2016-01-29,26000.0,28000.0,28000.0
21,2016-02-01,28000.0,30000.0,30000.0
22,2016-02-02,28000.0,30000.0,30000.0
23,2016-02-04,22000.0,24000.0,24000.0
24,2016-02-06,22000.0,24000.0,24000.0
25,2016-02-08,22000.0,24000.0,24000.0
26,2016-02-09,16000.0,17000.0,17000.0
27,2016-02-12,16000.0,17000.0,17000.0
28,2016-02-13,16000.0,17000.0,17000.0
29,2016-02-15,16000.0,17000.0,17000.0
30,2016-02-16,13000.0,14000.0,14000.0
31,2016-02-17,13000.0,14000.0,14000.0
32,2016-02-18,13000.0,14000.0,14000.0
33,2016-02-19,13000.0,14000.0,14000.0
34,2016-02-22,14000.0,15000.0,15000.0
35,2016-02-23,12000.0,13000.0,13000.0
36,2016-02-24,12000.0,13000.0,13000.0
37,2016-02-25,12000.0,13000.0,13000.0
38,2016-02-26,12000.0,13000.0,13000.0
39,2016-02-29,14000.0,15000.0,15000.0
40,2016-03-01,20000.0,21000.0,21000.0
41,2016-03-02,20000.0,21000.0,21000.0
42,2016-03-03,20000.0,21000.0,21000.0
43,2016-03-04,20000.0,22000.0,22000.0
44,2016-03-05,24000.0,26000.0,26000.0
45,2016-03-07,26000.0,28000.0,28000.0
46,2016-03-08,26000.0,28000.0,28000.0
47,2016-03-09,22000.0,24000.0,24000.0
48,2016-03-10,26000.0,28000.0,28000.0
49,2016-03-11,26000.0,28000.0,28000.0
50,2016-03-14,21000.0,23000.0,23000.0
51,2016-03-15,21000.0,23000.0,23000.0
52,2016-03-16,21000.0,23000.0,23000.0
53,2016-03-17,21000.0,23000.0,23000.0
54,2016-03-18,21000.0,23000.0,23000.0
55,2016-03-19,21000.0,23000.0,23000.0
56,2016-03-22,21000.0,23000.0,23000.0
57,2016-03-23,21000.0,23000.0,23000.0
58,2016-03-28,18000.0,19000.0,19000.0
59,2016-03-29,20000.0,22000.0,22000.0
60,2016-03-30,20000.0,22000.0,22000.0
61,2016-03-31,20000.0,22000.0,22000.0
62,2016-04-01,20000.0,22000.0,22000.0
63,2016-04-04,26000.0,28000.0,28000.0
64,2016-04-05,26000.0,28000.0,28000.0
65,2016-04-06,30000.0,33000.0,33000.0
66,2016-04-07,30000.0,33000.0,33000.0
67,2016-04-08,30000.0,33000.0,33000.0
68,2016-04-09,30000.0,33000.0,33000.0
69,2016-04-11,30000.0,33000.0,33000.0
70,2016-04-12,30000.0,33000.0,33000.0
71,2016-04-13,26000.0,28000.0,28000.0
72,2016-04-14,26000.0,28000.0,28000.0
73,2016-04-15,26000.0,28000.0,28000.0
74,2016-04-18,30000.0,33000.0,33000.0
75,2016-04-19,26000.0,28000.0,28000.0
76,2016-04-20,26000.0,28000.0,28000.0
77,2016-04-21,30000.0,33000.0,33000.0
78,2016-04-22,30000.0,33000.0,33000.0
79,2016-04-23,26000.0,28000.0,28000.0
80,2016-04-25,20000.0,23000.0,23000.0
81,2016-04-26,20000.0,23000.0,23000.0
82,2016-04-27,26000.0,28000.0,28000.0
83,2016-04-28,26000.0,28000.0,28000.0
84,2016-04-29,21000.0,23000.0,23000.0
85,2016-05-02,21000.0,23000.0,23000.0
86,2016-05-03,26000.0,28000.0,28000.0
87,2016-05-04,26000.0,28000.0,28000.0
88,2016-05-05,26000.0,28000.0,28000.0
89,2016-05-06,26000.0,28000.0,28000.0
90,2016-05-07,30000.0,33000.0,33000.0
91,2016-05-10,20000.0,23000.0,23000.0
92,2016-05-11,24000.0,26000.0,26000.0
93,2016-05-12,20000.0,23000.0,23000.0
94,2016-05-13,26000.0,28000.0,28000.0
95,2016-05-16,20000.0,23000.0,23000.0
96,2016-05-17,20000.0,23000.0,23000.0
97,2016-05-18,20000.0,23000.0,23000.0
98,2016-05-19,16000.0,18000.0,18000.0
99,2016-05-20,16000.0,18000.0,18000.0
100,2016-05-21,20000.0,23000.0,23000.0
101,2016-05-23,18000.0,19000.0,19000.0
102,2016-05-24,18000.0,19000.0,19000.0
103,2016-05-25,18000.0,19000.0,19000.0
104,2016-05-26,18000.0,19000.0,19000.0
105,2016-05-27,18000.0,19000.0,19000.0
106,2016-05-31,18000.0,19000.0,19000.0
107,2016-06-01,18000.0,19000.0,19000.0
108,2016-06-02,18000.0,19000.0,19000.0
109,2016-06-03,18000.0,19000.0,19000.0
110,2016-06-04,18000.0,19000.0,19000.0
111,2016-06-07,24000.0,26000.0,26000.0
112,2016-06-08,24000.0,26000.0,26000.0
113,2016-06-09,21000.0,23000.0,23000.0
114,2016-06-10,21000.0,23000.0,23000.0
115,2016-06-13,11000.0,13000.0,13000.0
116,2016-06-14,11000.0,13000.0,13000.0
117,2016-06-15,11000.0,13000.0,13000.0
118,2016-06-16,11000.0,13000.0,13000.0
119,2016-06-17,11000.0,13000.0,13000.0
120,2016-06-20,11000.0,13000.0,13000.0
121,2016-06-21,11000.0,13000.0,13000.0
122,2016-06-22,11000.0,13000.0,13000.0
123,2016-06-23,11000.0,13000.0,13000.0
124,2016-06-24,11000.0,13000.0,13000.0
125,2016-06-27,11000.0,13000.0,13000.0
126,2016-06-28,11000.0,13000.0,13000.0
127,2016-06-29,11000.0,13000.0,13000.0
128,2016-06-30,12000.0,13000.0,13000.0
129,2016-07-01,13000.0,14000.0,14000.0
130,2016-07-02,13000.0,14000.0,14000.0
131,2016-07-05,14000.0,15000.0,15000.0
132,2016-07-06,14000.0,15000.0,15000.0
133,2016-07-07,14000.0,15000.0,15000.0
134,2016-07-08,14000.0,15000.0,15000.0
135,2016-07-11,16000.0,18000.0,18000.0
136,2016-07-12,14000.0,16000.0,16000.0
137,2016-07-13,14000.0,16000.0,16000.0
138,2016-07-14,14000.0,16000.0,16000.0
139,2016-07-15,14000.0,16000.0,16000.0
140,2016-07-16,13000.0,14000.0,14000.0
141,2016-07-18,13000.0,14000.0,14000.0
142,2016-07-19,13000.0,14000.0,14000.0
143,2016-07-21,13000.0,14000.0,14000.0
144,2016-07-22,13000.0,14000.0,14000.0
145,2016-07-25,13000.0,14000.0,14000.0
146,2016-07-26,13000.0,14000.0,14000.0
147,2016-07-27,13000.0,14000.0,14000.0
148,2016-07-28,12000.0,13000.0,13000.0
149,2016-07-29,13000.0,14000.0,14000.0
150,2016-08-01,13000.0,14000.0,14000.0
151,2016-08-02,13000.0,14000.0,14000.0
152,2016-08-03,13000.0,14000.0,14000.0
153,2016-08-04,13000.0,14000.0,14000.0
154,2016-08-05,13000.0,14000.0,14000.0
155,2016-08-06,13000.0,14000.0,14000.0
156,2016-08-08,13000.0,14000.0,14000.0
157,2016-08-09,13000.0,14000.0,14000.0
158,2016-08-10,13000.0,14000.0,14000.0
159,2016-08-11,13000.0,14000.0,14000.0
160,2016-08-12,12000.0,15000.0,15000.0
161,2016-08-16,11000.0,13000.0,13000.0
162,2016-08-17,11000.0,13000.0,13000.0
163,2016-08-18,11000.0,13000.0,13000.0
164,2016-08-19,11000.0,13000.0,13000.0
165,2016-08-20,11000.0,13000.0,13000.0
166,2016-08-22,11000.0,13000.0,13000.0
167,2016-08-23,11000.0,13000.0,13000.0
168,2016-08-24,11000.0,13000.0,13000.0
169,2016-08-25,11000.0,13000.0,13000.0
170,2016-08-26,11000.0,13000.0,13000.0
171,2016-08-29,11000.0,13000.0,13000.0
172,2016-08-30,11000.0,13000.0,13000.0
173,2016-08-31,11000.0,13000.0,13000.0
174,2016-09-01,11000.0,13000.0,13000.0
175,2016-09-02,11000.0,13000.0,13000.0
176,2016-09-03,11000.0,13000.0,13000.0
177,2016-09-05,11000.0,13000.0,13000.0
178,2016-09-06,11000.0,13000.0,13000.0
179,2016-09-07,11000.0,13000.0,13000.0
180,2016-09-08,11000.0,13000.0,13000.0
181,2016-09-09,11000.0,13000.0,13000.0
182,2016-09-10,11000.0,13000.0,13000.0
183,2016-09-12,11000.0,13000.0,13000.0
184,2016-09-13,11000.0,13000.0,13000.0
185,2016-09-15,11000.0,13000.0,13000.0
186,2016-09-16,11000.0,13000.0,13000.0
187,2016-09-17,14000.0,15000.0,15000.0
188,2016-09-19,14000.0,15000.0,15000.0
189,2016-09-20,14000.0,15000.0,15000.0
190,2016-09-21,14000.0,15000.0,15000.0
191,2016-09-22,14000.0,15000.0,15000.0
192,2016-09-23,14000.0,15000.0,15000.0
193,2016-09-26,12000.0,13000.0,13000.0
194,2016-09-27,12000.0,13000.0,13000.0
195,2016-09-28,12000.0,13000.0,13000.0
196,2016-09-29,12000.0,13000.0,13000.0
197,2016-09-30,12000.0,13000.0,13000.0
198,2016-10-01,12000.0,13000.0,13000.0
199,2016-10-03,12000.0,13000.0,13000.0
200,2016-10-04,12000.0,13000.0,13000.0
201,2016-10-05,14000.0,16000.0,16000.0
202,2016-10-06,14000.0,16000.0,16000.0
203,2016-10-07,13000.0,14000.0,14000.0
204,2016-10-10,13000.0,14000.0,14000.0
205,2016-10-11,10000.0,11000.0,11000.0
206,2016-10-12,8000.0,9000.0,9000.0
207,2016-10-13,8000.0,9000.0,9000.0
208,2016-10-14,8000.0,9000.0,9000.0
209,2016-10-15,8000.0,9000.0,9000.0
210,2016-10-18,8000.0,9000.0,9000.0
211,2016-10-19,8000.0,9000.0,9000.0
212,2016-10-20,8000.0,9000.0,9000.0
213,2016-10-21,8000.0,9000.0,9000.0
214,2016-10-24,8000.0,9000.0,9000.0
215,2016-10-25,8000.0,9000.0,9000.0
216,2016-10-26,8000.0,9000.0,9000.0
217,2016-10-27,8000.0,9000.0,9000.0
218,2016-10-28,8000.0,9000.0,9000.0
219,2016-10-29,8000.0,9000.0,9000.0
220,2016-10-31,8000.0,9000.0,9000.0
221,2016-11-01,8000.0,9000.0,9000.0
222,2016-11-02,9000.0,10000.0,10000.0
223,2016-11-03,10000.0,11000.0,11000.0
224,2016-11-04,10000.0,11000.0,11000.0
225,2016-11-08,10000.0,11000.0,11000.0
226,2016-11-09,10000.0,11000.0,11000.0
227,2016-11-10,10000.0,11000.0,11000.0
228,2016-11-11,10000.0,11000.0,11000.0
229,2016-11-12,12000.0,13000.0,13000.0
230,2016-11-15,11000.0,12000.0,12000.0
231,2016-11-16,11000.0,12000.0,12000.0
232,2016-11-17,11000.0,12000.0,12000.0
233,2016-11-18,11000.0,12000.0,12000.0
234,2016-11-21,11000.0,12000.0,12000.0
235,2016-11-22,11000.0,12000.0,12000.0
236,2016-11-23,11000.0,12000.0,12000.0
237,2016-11-24,11000.0,12000.0,12000.0
238,2016-11-25,11000.0,12000.0,12000.0
239,2016-11-26,11000.0,12000.0,12000.0
240,2016-11-28,11000.0,12000.0,12000.0
241,2016-11-29,11000.0,12000.0,12000.0
242,2016-11-30,11000.0,12000.0,12000.0
243,2016-12-01,11000.0,12000.0,12000.0
244,2016-12-02,11000.0,12000.0,12000.0
245,2016-12-05,13000.0,14000.0,14000.0
246,2016-12-06,13000.0,14000.0,14000.0
247,2016-12-07,13000.0,14000.0,14000.0
248,2016-12-09,13000.0,14000.0,14000.0
249,2016-12-10,13000.0,14000.0,14000.0
250,2016-12-12,13000.0,14000.0,14000.0
251,2016-12-13,13000.0,14000.0,14000.0
252,2016-12-14,14000.0,15000.0,15000.0
253,2016-12-15,14000.0,15000.0,15000.0
254,2016-12-16,14000.0,16000.0,16000.0
255,2016-12-19,14000.0,16000.0,16000.0
256,2016-12-20,14000.0,16000.0,16000.0
257,2016-12-21,13000.0,14000.0,14000.0
258,2016-12-22,13000.0,14000.0,14000.0
259,2016-12-23,13000.0,14000.0,14000.0
260,2016-12-24,13000.0,14000.0,14000.0
261,2016-12-26,14000.0,16000.0,16000.0
262,2016-12-27,14000.0,16000.0,16000.0
263,2016-12-28,14000.0,16000.0,16000.0
264,2016-12-29,14000.0,16000.0,16000.0
265,2016-12-30,14000.0,16000.0,16000.0
266,2017-01-02,14000.0,16000.0,16000.0
267,2017-01-03,14000.0,16000.0,16000.0
268,2017-01-04,14000.0,16000.0,16000.0
269,2017-01-05,14000.0,16000.0,16000.0
270,2017-01-06,14000.0,16000.0,16000.0
271,2017-01-07,14000.0,16000.0,16000.0
272,2017-01-10,14000.0,15000.0,15000.0
273,2017-01-11,14000.0,15000.0,15000.0
274,2017-01-12,14000.0,15000.0,15000.0
275,2017-01-13,14000.0,15000.0,15000.0
276,2017-01-14,15000.0,16000.0,16000.0
277,2017-01-16,15000.0,16000.0,16000.0
278,2017-01-17,15000.0,16000.0,16000.0
279,2017-01-18,15000.0,16000.0,16000.0
280,2017-01-19,13000.0,14000.0,14000.0
281,2017-01-20,13000.0,14000.0,14000.0
282,2017-01-21,14000.0,16000.0,16000.0
283,2017-01-23,16000.0,18000.0,18000.0
284,2017-01-25,16000.0,18000.0,18000.0
285,2017-01-26,16000.0,17000.0,17000.0
286,2017-01-27,16000.0,17000.0,17000.0
287,2017-01-30,15000.0,17000.0,17000.0
288,2017-01-31,18000.0,20000.0,20000.0
289,2017-02-01,20000.0,22000.0,22000.0
290,2017-02-02,20000.0,22000.0,22000.0
291,2017-02-03,20000.0,22000.0,22000.0
292,2017-02-06,20000.0,22000.0,22000.0
293,2017-02-07,20000.0,22000.0,22000.0
294,2017-02-08,20000.0,22000.0,22000.0
295,2017-02-09,20000.0,22000.0,22000.0
296,2017-02-10,20000.0,22000.0,22000.0
297,2017-02-13,20000.0,22000.0,22000.0
298,2017-02-14,18000.0,20000.0,20000.0
299,2017-02-15,14000.0,16000.0,16000.0
300,2017-02-16,14000.0,16000.0,16000.0
301,2017-02-17,14000.0,16000.0,16000.0
302,2017-02-20,14000.0,16000.0,16000.0
303,2017-02-21,16000.0,18000.0,18000.0
304,2017-02-22,16000.0,18000.0,18000.0
305,2017-02-23,16000.0,18000.0,18000.0
306,2017-02-24,16000.0,18000.0,18000.0
307,2017-02-27,16000.0,18000.0,18000.0
308,2017-02-28,16000.0,18000.0,18000.0
309,2017-03-01,16000.0,18000.0,18000.0
310,2017-03-02,18000.0,20000.0,20000.0
311,2017-03-03,20000.0,22000.0,22000.0
312,2017-03-07,18000.0,20000.0,20000.0
313,2017-03-09,16000.0,18000.0,18000.0
314,2017-03-10,16000.0,18000.0,18000.0
315,2017-03-13,16000.0,18000.0,18000.0
316,2017-03-14,16000.0,18000.0,18000.0
317,2017-03-15,16000.0,18000.0,18000.0
318,2017-03-16,20000.0,22000.0,22000.0
319,2017-03-17,22000.0,24000.0,24000.0
320,2017-03-18,22000.0,24000.0,24000.0
321,2017-03-21,20000.0,22000.0,22000.0
322,2017-03-22,16000.0,18000.0,18000.0
323,2017-03-23,16000.0,18000.0,18000.0
324,2017-03-24,20000.0,22000.0,22000.0
325,2017-03-27,18000.0,19000.0,19000.0
326,2017-03-28,18000.0,20000.0,20000.0
327,2017-03-29,16000.0,18000.0,18000.0
328,2017-03-30,16000.0,18000.0,18000.0
329,2017-03-31,18000.0,20000.0,20000.0
330,2017-04-01,18000.0,20000.0,20000.0
331,2017-04-03,18000.0,20000.0,20000.0
332,2017-04-04,16000.0,18000.0,18000.0
333,2017-04-05,18000.0,20000.0,20000.0
334,2017-04-06,18000.0,19000.0,19000.0
335,2017-04-07,16000.0,17000.0,17000.0
336,2017-04-10,15000.0,16000.0,16000.0
337,2017-04-11,14000.0,15000.0,15000.0
338,2017-04-12,13000.0,14000.0,14000.0
339,2017-04-17,18000.0,19000.0,19000.0
340,2017-04-18,14000.0,15000.0,15000.0
341,2017-04-19,12000.0,13000.0,13000.0
342,2017-04-20,13000.0,14000.0,14000.0
343,2017-04-21,14000.0,16000.0,16000.0
344,2017-04-22,16000.0,18000.0,18000.0
345,2017-04-24,16000.0,18000.0,18000.0
346,2017-04-25,16000.0,18000.0,18000.0
347,2017-04-26,16000.0,18000.0,18000.0
348,2017-04-27,16000.0,18000.0,18000.0
349,2017-04-28,16000.0,18000.0,18000.0
350,2017-05-02,16000.0,18000.0,18000.0
351,2017-05-03,16000.0,18000.0,18000.0
352,2017-05-04,16000.0,18000.0,18000.0
353,2017-05-05,16000.0,18000.0,18000.0
354,2017-05-06,18000.0,20000.0,20000.0
355,2017-05-08,18000.0,20000.0,20000.0
356,2017-05-09,16000.0,18000.0,18000.0
357,2017-05-10,16000.0,18000.0,18000.0
358,2017-05-11,16000.0,18000.0,18000.0
359,2017-05-12,16000.0,18000.0,18000.0
360,2017-05-15,16000.0,18000.0,18000.0
361,2017-05-16,16000.0,18000.0,18000.0
362,2017-05-17,16000.0,18000.0,18000.0
363,2017-05-18,18000.0,20000.0,20000.0
364,2017-05-19,160000.0,18000.0,18000.0
365,2017-05-22,18000.0,20000.0,20000.0
366,2017-05-23,18000.0,20000.0,20000.0
367,2017-05-24,18000.0,20000.0,20000.0
368,2017-05-25,18000.0,20000.0,20000.0
369,2017-05-26,18000.0,20000.0,20000.0
370,2017-05-27,18000.0,20000.0,20000.0
371,2017-05-30,15000.0,16000.0,16000.0
372,2017-05-31,15000.0,16000.0,16000.0
373,2017-06-01,15000.0,16000.0,16000.0
374,2017-06-02,15000.0,16000.0,16000.0
375,2017-06-03,15000.0,16000.0,16000.0
376,2017-06-05,15000.0,16000.0,16000.0
377,2017-06-06,15000.0,16000.0,16000.0
378,2017-06-07,15000.0,16000.0,16000.0
379,2017-06-08,15000.0,16000.0,16000.0
380,2017-06-09,15000.0,16000.0,16000.0
381,2017-06-12,15000.0,16000.0,16000.0
382,2017-06-13,15000.0,16000.0,16000.0
383,2017-06-14,15000.0,16000.0,16000.0
384,2017-06-15,15000.0,16000.0,16000.0
385,2017-06-16,15000.0,16000.0,16000.0
386,2017-06-20,15000.0,16000.0,16000.0
387,2017-06-21,15000.0,16000.0,16000.0
388,2017-06-22,15000.0,16000.0,16000.0
389,2017-06-23,15000.0,16000.0,16000.0
390,2017-06-24,15000.0,16000.0,16000.0
391,2017-06-27,15000.0,16000.0,16000.0
392,2017-06-28,15000.0,16000.0,16000.0
393,2017-06-29,15000.0,16000.0,16000.0
394,2017-06-30,15000.0,16000.0,16000.0
395,2017-07-04,15000.0,16000.0,16000.0
396,2017-07-05,15000.0,16000.0,16000.0
397,2017-07-06,15000.0,16000.0,16000.0
398,2017-07-07,15000.0,16000.0,16000.0
399,2017-07-08,15000.0,16000.0,16000.0
400,2017-07-10,15000.0,16000.0,16000.0
401,2017-07-11,15000.0,16000.0,16000.0
402,2017-07-12,15000.0,16000.0,16000.0
403,2017-07-13,15000.0,16000.0,16000.0
404,2017-07-14,15000.0,16000.0,16000.0
405,2017-07-17,15000.0,16000.0,16000.0
406,2017-07-18,15000.0,16000.0,16000.0
407,2017-07-19,15000.0,16000.0,16000.0
408,2017-07-21,15000.0,16000.0,16000.0
409,2017-07-22,15000.0,16000.0,16000.0
410,2017-07-24,16000.0,17000.0,17000.0
411,2017-07-25,16000.0,17000.0,17000.0
412,2017-07-26,16000.0,17000.0,17000.0
413,2017-07-27,16000.0,17000.0,17000.0
414,2017-07-28,16000.0,17000.0,17000.0
415,2017-07-31,15000.0,16000.0,16000.0
416,2017-08-01,15000.0,16000.0,16000.0
417,2017-08-02,15000.0,16000.0,16000.0
418,2017-08-03,15000.0,16000.0,16000.0
419,2017-08-04,15000.0,16000.0,16000.0
420,2017-08-05,15000.0,16000.0,16000.0
421,2017-08-08,15000.0,16000.0,16000.0
422,2017-08-09,15000.0,16000.0,16000.0
423,2017-08-10,15000.0,16000.0,16000.0
424,2017-08-11,15000.0,16000.0,16000.0
425,2017-08-14,15000.0,16000.0,16000.0
426,2017-08-15,15000.0,16000.0,16000.0
427,2017-08-16,15000.0,16000.0,16000.0
428,2017-08-17,15000.0,16000.0,16000.0
429,2017-08-18,15000.0,16000.0,16000.0
430,2017-08-19,15000.0,16000.0,16000.0
431,2017-08-22,15000.0,16000.0,16000.0
432,2017-08-23,15000.0,16000.0,16000.0
433,2017-08-24,15000.0,16000.0,16000.0
434,2017-08-25,15000.0,16000.0,16000.0
435,2017-08-28,15000.0,16000.0,16000.0
436,2017-08-29,15000.0,16000.0,16000.0
437,2017-08-30,15000.0,16000.0,16000.0
438,2017-08-31,15000.0,16000.0,16000.0
439,2017-09-01,15000.0,16000.0,16000.0
440,2017-09-02,15000.0,16000.0,16000.0
441,2017-09-04,16000.0,17000.0,17000.0
442,2017-09-05,16000.0,17000.0,17000.0
443,2017-09-06,16000.0,17000.0,17000.0
444,2017-09-08,17000.0,18000.0,18000.0
445,2017-09-11,16000.0,17000.0,17000.0
446,2017-09-12,16000.0,17000.0,17000.0
447,2017-09-13,16000.0,17000.0,17000.0
448,2017-09-14,16000.0,17000.0,17000.0
449,2017-09-15,16000.0,17000.0,17000.0
450,2017-09-16,16000.0,17000.0,17000.0
451,2017-09-18,16000.0,17000.0,17000.0
452,2017-09-19,16000.0,17000.0,17000.0
453,2017-09-20,15000.0,16000.0,16000.0
454,2017-09-21,15000.0,16000.0,16000.0
455,2017-09-22,15000.0,16000.0,16000.0
456,2017-09-25,14000.0,16000.0,16000.0
457,2017-09-26,14000.0,16000.0,16000.0
458,2017-09-27,14000.0,16000.0,16000.0
459,2017-09-28,14000.0,16000.0,16000.0
460,2017-09-29,14000.0,16000.0,16000.0
461,2017-09-30,14000.0,16000.0,16000.0
462,2017-10-02,14000.0,16000.0,16000.0
463,2017-10-03,13000.0,15000.0,15000.0
464,2017-10-04,13000.0,15000.0,15000.0
465,2017-10-05,13000.0,15000.0,15000.0
466,2017-10-06,12000.0,14000.0,14000.0
467,2017-10-09,15000.0,16000.0,16000.0
468,2017-10-10,15000.0,16000.0,16000.0
469,2017-10-11,15000.0,16000.0,16000.0
470,2017-10-12,15000.0,16000.0,16000.0
471,2017-10-13,15000.0,16000.0,16000.0
472,2017-10-14,15000.0,16000.0,16000.0
473,2017-10-17,15000.0,16000.0,16000.0
474,2017-10-18,15000.0,16000.0,16000.0
475,2017-10-19,15000.0,16000.0,16000.0
476,2017-10-20,15000.0,16000.0,16000.0
477,2017-10-23,15000.0,16000.0,16000.0
478,2017-10-24,15000.0,16000.0,16000.0
479,2017-10-25,15000.0,16000.0,16000.0
480,2017-10-26,15000.0,16000.0,16000.0
481,2017-10-27,15000.0,16000.0,16000.0
482,2017-10-30,15000.0,16000.0,16000.0
483,2017-10-31,12000.0,13000.0,13000.0
484,2017-11-01,12000.0,13000.0,13000.0
485,2017-11-02,13000.0,14000.0,14000.0
486,2017-11-03,13000.0,14000.0,14000.0
487,2017-11-07,13000.0,14000.0,14000.0
488,2017-11-08,13000.0,14000.0,14000.0
489,2017-11-09,13000.0,14000.0,14000.0
490,2017-11-10,13000.0,14000.0,14000.0
491,2017-11-14,14000.0,16000.0,16000.0
492,2017-11-15,14000.0,16000.0,16000.0
493,2017-11-16,14000.0,16000.0,16000.0
494,2017-11-17,14000.0,16000.0,16000.0
495,2017-11-20,14000.0,16000.0,16000.0
496,2017-11-21,14000.0,16000.0,16000.0
497,2017-11-22,14000.0,16000.0,16000.0
498,2017-11-23,14000.0,16000.0,16000.0
499,2017-11-24,14000.0,16000.0,16000.0
500,2017-11-25,14000.0,16000.0,16000.0
501,2017-11-27,14000.0,16000.0,16000.0
502,2017-11-28,14000.0,16000.0,16000.0
503,2017-11-29,14000.0,16000.0,16000.0
504,2017-11-30,14000.0,16000.0,16000.0
505,2017-12-01,14000.0,16000.0,16000.0
506,2017-12-02,14000.0,16000.0,16000.0
507,2017-12-04,11000.0,13000.0,13000.0
508,2017-12-05,10000.0,14000.0,14000.0
509,2017-12-07,10000.0,14000.0,14000.0
510,2017-12-11,13000.0,14000.0,14000.0
511,2017-12-12,13000.0,14000.0,14000.0
512,2017-12-13,13000.0,14000.0,14000.0
513,2017-12-14,13000.0,14000.0,14000.0
514,2017-12-15,13000.0,14000.0,14000.0
515,2017-12-16,13000.0,14000.0,14000.0
516,2017-12-18,13000.0,14000.0,14000.0
517,2017-12-19,13000.0,14000.0,14000.0
518,2017-12-20,13000.0,14000.0,14000.0
519,2017-12-21,13000.0,14000.0,14000.0
520,2017-12-22,13000.0,14000.0,14000.0
521,2017-12-26,1800.0,2000.0,2000.0
522,2017-12-27,1800.0,2000.0,2000.0
523,2017-12-28,1800.0,2000.0,2000.0
524,2017-12-29,1800.0,2000.0,2000.0
525,2018-01-02,10000.0,11000.0,11000.0
526,2018-01-03,10000.0,11000.0,11000.0
527,2018-01-04,10000.0,11000.0,11000.0
528,2018-01-05,10000.0,11000.0,11000.0
529,2018-01-06,10000.0,11000.0,11000.0
530,2018-01-09,10000.0,11000.0,11000.0
531,2018-01-10,10000.0,11000.0,11000.0
532,2018-01-11,14000.0,15000.0,15000.0
533,2018-01-12,13000.0,14000.0,14000.0
534,2018-01-15,13000.0,14000.0,14000.0
535,2018-01-16,13000.0,14000.0,14000.0
536,2018-01-17,13000.0,14000.0,14000.0
537,2018-01-18,13000.0,14000.0,14000.0
538,2018-01-19,13000.0,14000.0,14000.0
539,2018-01-20,13000.0,14000.0,14000.0
540,2018-01-22,13000.0,14000.0,14000.0
541,2018-01-23,13000.0,14000.0,14000.0
542,2018-01-24,13000.0,14000.0,14000.0
543,2018-01-25,13000.0,14000.0,14000.0
544,2018-01-26,13000.0,14000.0,14000.0
545,2018-01-27,13000.0,14000.0,14000.0
546,2018-01-29,13000.0,14000.0,14000.0
547,2018-01-30,16000.0,17000.0,17000.0
548,2018-01-31,16000.0,17000.0,17000.0
549,2018-02-02,16000.0,17000.0,17000.0
550,2018-02-05,16000.0,17000.0,17000.0
551,2018-02-06,18000.0,19000.0,19000.0
552,2018-02-07,18000.0,19000.0,19000.0
553,2018-02-08,18000.0,19000.0,19000.0
554,2018-02-09,18000.0,19000.0,19000.0
555,2018-02-12,18000.0,19000.0,19000.0
556,2018-02-13,18000.0,19000.0,19000.0
557,2018-02-14,18000.0,19000.0,19000.0
558,2018-02-15,18000.0,19000.0,19000.0
559,2018-02-16,18000.0,19000.0,19000.0
560,2018-02-19,18000.0,20000.0,20000.0
561,2018-02-20,18000.0,20000.0,20000.0
562,2018-02-21,18000.0,20000.0,20000.0
563,2018-02-22,16000.0,17000.0,17000.0
564,2018-02-23,16000.0,17000.0,17000.0
565,2018-02-26,16000.0,18000.0,18000.0
566,2018-02-27,16000.0,18000.0,18000.0
567,2018-02-28,16000.0,18000.0,18000.0
568,2018-03-01,16000.0,18000.0,18000.0
569,2018-03-02,16000.0,18000.0,18000.0
570,2018-03-03,16000.0,18000.0,18000.0
571,2018-03-05,18000.0,20000.0,20000.0
572,2018-03-06,18000.0,20000.0,20000.0
573,2018-03-07,18000.0,20000.0,20000.0
574,2018-03-08,18000.0,19000.0,19000.0
575,2018-03-09,18000.0,19000.0,19000.0
576,2018-03-10,18000.0,19000.0,19000.0
577,2018-03-12,18000.0,19000.0,19000.0
578,2018-03-13,18000.0,19000.0,19000.0
579,2018-03-14,18000.0,19000.0,19000.0
580,2018-03-15,14000.0,16000.0,16000.0
581,2018-03-16,16000.0,18000.0,18000.0
582,2018-03-20,16000.0,18000.0,18000.0
583,2018-03-21,16000.0,18000.0,18000.0
584,2018-03-22,16000.0,18000.0,18000.0
585,2018-03-23,16000.0,18000.0,18000.0
586,2018-03-26,16000.0,17000.0,17000.0
587,2018-03-27,16000.0,17000.0,17000.0
588,2018-03-28,16000.0,17000.0,17000.0
589,2018-04-02,16000.0,17000.0,17000.0
590,2018-04-03,15000.0,16000.0,16000.0
591,2018-04-04,15000.0,16000.0,16000.0
592,2018-04-05,15000.0,16000.0,16000.0
593,2018-04-06,15000.0,16000.0,16000.0
594,2018-04-07,15000.0,16000.0,16000.0
595,2018-04-09,20000.0,21000.0,21000.0
596,2018-04-10,20000.0,21000.0,21000.0
597,2018-04-11,20000.0,21000.0,21000.0
598,2018-04-12,20000.0,21000.0,21000.0
599,2018-04-13,20000.0,21000.0,21000.0
600,2018-04-16,20000.0,21000.0,21000.0
601,2018-04-17,20000.0,21000.0,21000.0
602,2018-04-18,20000.0,21000.0,21000.0
603,2018-04-19,20000.0,21000.0,21000.0
604,2018-04-20,20000.0,21000.0,21000.0
605,2018-04-21,20000.0,21000.0,21000.0
606,2018-04-23,20000.0,21000.0,21000.0
607,2018-04-24,16000.0,17000.0,17000.0
608,2018-04-25,16000.0,17000.0,17000.0
609,2018-04-26,16000.0,17000.0,17000.0
610,2018-04-27,16000.0,17000.0,17000.0
611,2018-04-30,16000.0,17000.0,17000.0
612,2018-05-02,16000.0,17000.0,17000.0
613,2018-05-03,16000.0,17000.0,17000.0
614,2018-05-04,16000.0,17000.0,17000.0
615,2018-05-07,17000.0,18000.0,18000.0
616,2018-05-08,17000.0,18000.0,18000.0
617,2018-05-09,17000.0,18000.0,18000.0
618,2018-05-10,17000.0,18000.0,18000.0
619,2018-05-11,17000.0,18000.0,18000.0
620,2018-05-15,15000.0,16000.0,16000.0
621,2018-05-16,15000.0,16000.0,16000.0
622,2018-05-17,15000.0,16000.0,16000.0
623,2018-05-18,15000.0,16000.0,16000.0
624,2018-05-19,15000.0,16000.0,16000.0
625,2018-05-21,16000.0,18000.0,18000.0
626,2018-05-22,14000.0,15000.0,15000.0
627,2018-05-23,14000.0,15000.0,15000.0
628,2018-05-24,14000.0,15000.0,15000.0
629,2018-05-25,14000.0,15000.0,15000.0
630,2018-05-28,14000.0,16000.0,16000.0
631,2018-05-29,14000.0,16000.0,16000.0
632,2018-05-30,14000.0,16000.0,16000.0
633,2018-05-31,14000.0,16000.0,16000.0
634,2018-06-01,14000.0,16000.0,16000.0
635,2018-06-02,21000.0,23000.0,23000.0
636,2018-06-05,21000.0,23000.0,23000.0
637,2018-06-06,21000.0,23000.0,23000.0
638,2018-06-07,21000.0,23000.0,23000.0
639,2018-06-08,21000.0,23000.0,23000.0
640,2018-06-12,16000.0,17000.0,17000.0
641,2018-06-13,16000.0,17000.0,17000.0
642,2018-06-14,16000.0,17000.0,17000.0
643,2018-06-15,16000.0,17000.0,17000.0
644,2018-06-16,16000.0,17000.0,17000.0
645,2018-06-18,16000.0,17000.0,17000.0
646,2018-06-19,16000.0,17000.0,17000.0
647,2018-06-20,16000.0,17000.0,17000.0
648,2018-06-21,16000.0,17000.0,17000.0
649,2018-06-22,16000.0,17000.0,17000.0
650,2018-06-25,16000.0,18000.0,18000.0
651,2018-06-26,16000.0,18000.0,18000.0
652,2018-06-27,16000.0,18000.0,18000.0
653,2018-06-29,16000.0,18000.0,18000.0
654,2018-06-30,16000.0,18000.0,18000.0
655,2018-07-03,16000.0,18000.0,18000.0
656,2018-07-04,16000.0,18000.0,18000.0
657,2018-07-05,16000.0,18000.0,18000.0
658,2018-07-06,16000.0,18000.0,18000.0
659,2018-07-07,16000.0,18000.0,18000.0
660,2018-07-09,16000.0,18000.0,18000.0
661,2018-07-10,16000.0,18000.0,18000.0
662,2018-07-11,16000.0,18000.0,18000.0
663,2018-07-12,16000.0,18000.0,18000.0
664,2018-07-13,16000.0,18000.0,18000.0
665,2018-07-14,16000.0,18000.0,18000.0
666,2018-07-16,16000.0,17000.0,17000.0
667,2018-07-17,16000.0,17000.0,17000.0
668,2018-07-18,16000.0,17000.0,17000.0
669,2018-07-19,16000.0,17000.0,17000.0
670,2018-07-21,16000.0,17000.0,17000.0
671,2018-07-23,16000.0,17000.0,17000.0
672,2018-07-24,16000.0,17000.0,17000.0
673,2018-07-25,16000.0,17000.0,17000.0
674,2018-07-26,16000.0,17000.0,17000.0
675,2018-07-27,16000.0,17000.0,17000.0
676,2018-07-30,16000.0,18000.0,18000.0
677,2018-07-31,16000.0,18000.0,18000.0
678,2018-08-01,14000.0,16000.0,16000.0
679,2018-08-02,14000.0,16000.0,16000.0
680,2018-08-03,14000.0,16000.0,16000.0
681,2018-08-06,14000.0,16000.0,16000.0
682,2018-08-08,14000.0,16000.0,16000.0
683,2018-08-09,14000.0,16000.0,16000.0
684,2018-08-10,14000.0,16000.0,16000.0
685,2018-08-11,14000.0,16000.0,16000.0
686,2018-08-13,14000.0,16000.0,16000.0
687,2018-08-14,14000.0,16000.0,16000.0
688,2018-08-15,14000.0,16000.0,16000.0
689,2018-08-16,14000.0,16000.0,16000.0
690,2018-08-17,14000.0,16000.0,16000.0
691,2018-08-21,14000.0,16000.0,16000.0
692,2018-08-22,14000.0,16000.0,16000.0
693,2018-08-23,14000.0,16000.0,16000.0
694,2018-08-24,14000.0,16000.0,16000.0
695,2018-08-25,14000.0,16000.0,16000.0
696,2018-08-27,14000.0,16000.0,16000.0
697,2018-08-28,14000.0,16000.0,16000.0
698,2018-08-29,14000.0,16000.0,16000.0
699,2018-08-30,14000.0,16000.0,16000.0
700,2018-08-31,14000.0,16000.0,16000.0
701,2018-09-03,14000.0,16000.0,16000.0
702,2018-09-04,14000.0,16000.0,16000.0
703,2018-09-05,14000.0,16000.0,16000.0
704,2018-09-06,14000.0,16000.0,16000.0
705,2018-09-07,14000.0,16000.0,16000.0
706,2018-09-08,14000.0,16000.0,16000.0
707,2018-09-10,14000.0,16000.0,16000.0
708,2018-09-11,14000.0,16000.0,16000.0
709,2018-09-12,14000.0,16000.0,16000.0
710,2018-09-13,14000.0,16000.0,16000.0
711,2018-09-14,14000.0,16000.0,16000.0
712,2018-09-17,15000.0,16000.0,16000.0
713,2018-09-18,15000.0,16000.0,16000.0
714,2018-09-19,15000.0,16000.0,16000.0
715,2018-09-20,15000.0,16000.0,16000.0
716,2018-09-21,15000.0,16000.0,16000.0
717,2018-09-22,15000.0,16000.0,16000.0
718,2018-09-24,15000.0,16000.0,16000.0
719,2018-09-25,14000.0,14500.0,14500.0
720,2018-09-26,14000.0,14500.0,14500.0
721,2018-09-27,14000.0,14500.0,14500.0
722,2018-09-28,14000.0,14500.0,14500.0
723,2018-10-01,14000.0,14500.0,14500.0
724,2018-10-02,14000.0,14500.0,14500.0
725,2018-10-03,14000.0,14500.0,14500.0
726,2018-10-04,14000.0,14500.0,14500.0
727,2018-10-05,14000.0,14500.0,14500.0
728,2018-10-06,14000.0,14500.0,14500.0
729,2018-10-08,14000.0,14500.0,14500.0
730,2018-10-09,14000.0,14500.0,14500.0
731,2018-10-10,14000.0,14500.0,14500.0
732,2018-10-11,14000.0,14500.0,14500.0
733,2018-10-12,14000.0,14500.0,14500.0
734,2018-10-16,16000.0,18000.0,18000.0
735,2018-10-17,16000.0,18000.0,18000.0
736,2018-10-18,16000.0,18000.0,18000.0
737,2018-10-19,16000.0,18000.0,18000.0
738,2018-10-20,16000.0,18000.0,18000.0
739,2018-10-22,16000.0,18000.0,18000.0
740,2018-10-23,16000.0,18000.0,18000.0
741,2018-10-24,16000.0,18000.0,18000.0
742,2018-10-25,16000.0,18000.0,18000.0
743,2018-10-26,16000.0,18000.0,18000.0
744,2018-10-27,16000.0,18000.0,18000.0
745,2018-10-29,16000.0,18000.0,18000.0
746,2018-10-30,15000.0,16000.0,16000.0
747,2018-10-31,15000.0,16000.0,16000.0
748,2018-11-01,15000.0,16000.0,16000.0
749,2018-11-02,15000.0,16000.0,16000.0
750,2018-11-06,15000.0,16000.0,16000.0
751,2018-11-07,15000.0,16000.0,16000.0
752,2018-11-08,15000.0,16000.0,16000.0
753,2018-11-09,18000.0,19000.0,19000.0
754,2018-11-13,15000.0,16000.0,16000.0
755,2018-11-14,15000.0,16000.0,16000.0
756,2018-11-15,15000.0,16000.0,16000.0
757,2018-11-16,15000.0,16000.0,16000.0
758,2018-11-17,15000.0,16000.0,16000.0
759,2018-11-19,15000.0,16000.0,16000.0
760,2018-11-20,15000.0,16000.0,16000.0
761,2018-11-21,14000.0,15000.0,15000.0
762,2018-11-22,14000.0,15000.0,15000.0
763,2018-11-23,14000.0,15000.0,15000.0
764,2018-11-26,12000.0,13000.0,13000.0
765,2018-11-27,12000.0,13000.0,13000.0
766,2018-11-28,12000.0,13000.0,13000.0
767,2018-11-29,12000.0,13000.0,13000.0
768,2018-12-01,12000.0,13000.0,13000.0
769,2018-12-03,12000.0,13000.0,13000.0
770,2018-12-04,14000.0,15000.0,15000.0
771,2018-12-05,14000.0,15000.0,15000.0
772,2018-12-06,14000.0,15000.0,15000.0
773,2018-12-07,14000.0,15000.0,15000.0
774,2018-12-10,16000.0,17000.0,17000.0
775,2018-12-11,16000.0,17000.0,17000.0
776,2018-12-12,16000.0,17000.0,17000.0
777,2018-12-13,16000.0,17000.0,17000.0
778,2018-12-14,16000.0,17000.0,17000.0
779,2018-12-15,16000.0,17000.0,17000.0
780,2018-12-17,16000.0,17000.0,17000.0
781,2018-12-18,16000.0,18000.0,18000.0
782,2018-12-19,16000.0,18000.0,18000.0
783,2018-12-20,16000.0,18000.0,18000.0
784,2018-12-21,16000.0,18000.0,18000.0
785,2018-12-22,16000.0,18000.0,18000.0
786,2018-12-24,16000.0,17000.0,17000.0
787,2018-12-26,16000.0,17000.0,17000.0
788,2018-12-27,16000.0,17000.0,17000.0
789,2018-12-28,16000.0,17000.0,17000.0
790,2018-12-31,16000.0,17000.0,17000.0
791,2019-01-02,16000.0,17000.0,17000.0
792,2019-01-03,15000.0,16000.0,16000.0
793,2019-01-04,15000.0,16000.0,16000.0
794,2019-01-05,15000.0,16000.0,16000.0
795,2019-01-08,15000.0,16000.0,16000.0
796,2019-01-09,14000.0,16000.0,16000.0
797,2019-01-10,14000.0,16000.0,16000.0
798,2019-01-11,14000.0,16000.0,16000.0
799,2019-01-14,14000.0,16000.0,16000.0
800,2019-01-15,14000.0,16000.0,16000.0
801,2019-01-16,14000.0,16000.0,16000.0
802,2019-01-17,16000.0,18000.0,18000.0
803,2019-01-18,16000.0,18000.0,18000.0
804,2019-01-19,16000.0,18000.0,18000.0
805,2019-01-21,16000.0,18000.0,18000.0
806,2019-01-22,16000.0,18000.0,18000.0
807,2019-01-23,16000.0,18000.0,18000.0
808,2019-01-24,16000.0,18000.0,18000.0
809,2019-01-25,16000.0,18000.0,18000.0
810,2019-01-26,16000.0,18000.0,18000.0
811,2019-01-28,14000.0,16000.0,16000.0
812,2019-01-29,14000.0,16000.0,16000.0
813,2019-01-30,14000.0,16000.0,16000.0
814,2019-01-31,14000.0,16000.0,16000.0
815,2019-02-01,14000.0,16000.0,16000.0
816,2019-02-02,14000.0,16000.0,16000.0
817,2019-02-04,14000.0,16000.0,16000.0
818,2019-02-05,14000.0,16000.0,16000.0
819,2019-02-06,14000.0,16000.0,16000.0
820,2019-02-07,14000.0,16000.0,16000.0
821,2019-02-08,14000.0,16000.0,16000.0
822,2019-02-11,14000.0,16000.0,16000.0
823,2019-02-12,14000.0,16000.0,16000.0
824,2019-02-13,14000.0,16000.0,16000.0
825,2019-02-14,14000.0,16000.0,16000.0
826,2019-02-15,14000.0,16000.0,16000.0
827,2019-02-18,14000.0,16000.0,16000.0
828,2019-02-19,14000.0,16000.0,16000.0
829,2019-02-20,14000.0,16000.0,16000.0
830,2019-02-21,14000.0,16000.0,16000.0
831,2019-02-22,14000.0,15000.0,15000.0
832,2019-02-25,14000.0,15000.0,15000.0
833,2019-02-26,14000.0,15000.0,15000.0
834,2019-02-27,14000.0,15000.0,15000.0
835,2019-02-28,14000.0,16000.0,16000.0
836,2019-03-01,14000.0,16000.0,16000.0
837,2019-03-02,14000.0,16000.0,16000.0
838,2019-03-04,14000.0,16000.0,16000.0
839,2019-03-05,14000.0,16000.0,16000.0
840,2019-03-06,14000.0,16000.0,16000.0
841,2019-03-07,14000.0,16000.0,16000.0
842,2019-03-08,14000.0,16000.0,16000.0
843,2019-03-11,17000.0,18000.0,18000.0
844,2019-03-12,17000.0,18000.0,18000.0
845,2019-03-13,17000.0,18000.0,18000.0
846,2019-03-14,17000.0,18000.0,18000.0
847,2019-03-15,17000.0,18000.0,18000.0
848,2019-03-16,20000.0,19000.0,19000.0
849,2019-03-18,16000.0,18000.0,18000.0
850,2019-03-19,19000.0,20000.0,20000.0
851,2019-03-20,19000.0,20000.0,20000.0
852,2019-03-21,19000.0,20000.0,20000.0
853,2019-03-22,19000.0,20000.0,20000.0
854,2019-03-26,19000.0,20000.0,20000.0
855,2019-03-27,19000.0,20000.0,20000.0
856,2019-03-28,19000.0,20000.0,20000.0
857,2019-03-29,19000.0,20000.0,20000.0
858,2019-03-30,19000.0,20000.0,20000.0
859,2019-04-01,19000.0,20000.0,20000.0
860,2019-04-02,19000.0,20000.0,20000.0
861,2019-04-03,19000.0,20000.0,20000.0
862,2019-04-04,19000.0,20000.0,20000.0
863,2019-04-05,19000.0,20000.0,20000.0
864,2019-04-08,21000.0,23000.0,23000.0
865,2019-04-09,24000.0,26000.0,26000.0
866,2019-04-10,24000.0,26000.0,26000.0
867,2019-04-11,24000.0,26000.0,26000.0
868,2019-04-12,24000.0,26000.0,26000.0
869,2019-04-13,24000.0,26000.0,26000.0
870,2019-04-15,24000.0,26000.0,26000.0
871,2019-04-16,20000.0,22000.0,22000.0
872,2019-04-17,20000.0,22000.0,22000.0
873,2019-04-22,18000.0,20000.0,20000.0
874,2019-04-23,18000.0,20000.0,20000.0
875,2019-04-24,18000.0,20000.0,20000.0
876,2019-04-25,18000.0,20000.0,20000.0
877,2019-04-26,18000.0,20000.0,20000.0
878,2019-04-29,18000.0,20000.0,20000.0
879,2019-04-30,18000.0,20000.0,20000.0
880,2019-05-02,18000.0,20000.0,20000.0
881,2019-05-03,18000.0,20000.0,20000.0
882,2019-05-04,18000.0,20000.0,20000.0
883,2019-05-06,18000.0,20000.0,20000.0
884,2019-05-07,17000.0,18000.0,18000.0
885,2019-05-08,17000.0,18000.0,18000.0
886,2019-05-09,17000.0,18000.0,18000.0
887,2019-05-10,17000.0,18000.0,18000.0
888,2019-05-13,16000.0,17000.0,17000.0
889,2019-05-14,16000.0,18000.0,18000.0
890,2019-05-15,16000.0,18000.0,18000.0
891,2019-05-16,16000.0,18000.0,18000.0
892,2019-05-17,16000.0,18000.0,18000.0
893,2019-05-18,16000.0,18000.0,18000.0
894,2019-05-20,16000.0,18000.0,18000.0
895,2019-05-21,16000.0,17000.0,17000.0
896,2019-05-22,16000.0,17000.0,17000.0
897,2019-05-23,16000.0,17000.0,17000.0
898,2019-05-24,16000.0,17000.0,17000.0
899,2019-05-27,15000.0,16000.0,16000.0
900,2019-05-28,15000.0,16000.0,16000.0
901,2019-05-29,15000.0,16000.0,16000.0
902,2019-05-30,15000.0,16000.0,16000.0
903,2019-05-31,15000.0,16000.0,16000.0
904,2019-06-01,15000.0,16000.0,16000.0
905,2019-06-04,15000.0,16000.0,16000.0
906,2019-06-05,16000.0,18000.0,18000.0
907,2019-06-06,16000.0,18000.0,18000.0
908,2019-06-07,16000.0,18000.0,18000.0
909,2019-06-10,16000.0,18000.0,18000.0
910,2019-06-11,16000.0,18000.0,18000.0
911,2019-06-12,16000.0,18000.0,18000.0
912,2019-06-13,16000.0,18000.0,18000.0
913,2019-06-14,16000.0,18000.0,18000.0
914,2019-06-15,16000.0,18000.0,18000.0
915,2019-06-17,16000.0,18000.0,18000.0
916,2019-06-18,16000.0,17000.0,17000.0
917,2019-06-19,18000.0,19000.0,19000.0
918,2019-06-20,18000.0,19000.0,19000.0
919,2019-06-21,18000.0,19000.0,19000.0
920,2019-06-25,18000.0,19000.0,19000.0
921,2019-06-26,18000.0,19000.0,19000.0
922,2019-06-27,18000.0,19000.0,19000.0
923,2019-06-28,14000.0,16000.0,16000.0
924,2019-06-29,14000.0,16000.0,16000.0
925,2019-07-02,14000.0,16000.0,16000.0
926,2019-07-03,14000.0,16000.0,16000.0
927,2019-07-04,14000.0,16000.0,16000.0
928,2019-07-05,14000.0,16000.0,16000.0
929,2019-07-06,14000.0,16000.0,16000.0
930,2019-07-08,16000.0,18000.0,18000.0
931,2019-07-09,16000.0,18000.0,18000.0
932,2019-07-10,16000.0,18000.0,18000.0
933,2019-07-11,16000.0,18000.0,18000.0
934,2019-07-12,16000.0,18000.0,18000.0
935,2019-07-13,16000.0,18000.0,18000.0
936,2019-07-15,16000.0,18000.0,18000.0
937,2019-07-16,15000.0,16000.0,16000.0
938,2019-07-17,15000.0,16000.0,16000.0
939,2019-07-18,15000.0,16000.0,16000.0
940,2019-07-19,15000.0,16000.0,16000.0
941,2019-07-22,16000.0,17000.0,17000.0
942,2019-07-23,16000.0,17000.0,17000.0
943,2019-07-24,16000.0,17000.0,17000.0
944,2019-07-25,16000.0,17000.0,17000.0
945,2019-07-26,16000.0,17000.0,17000.0
946,2019-07-29,15000.0,16000.0,16000.0
947,2019-07-30,15000.0,16000.0,16000.0
948,2019-07-31,15000.0,16000.0,16000.0
949,2019-08-01,15000.0,16000.0,16000.0
950,2019-08-02,15000.0,16000.0,16000.0
951,2019-08-05,15000.0,16000.0,16000.0
952,2019-08-06,15000.0,16000.0,16000.0
953,2019-08-08,15000.0,16000.0,16000.0
954,2019-08-09,15000.0,16000.0,16000.0
955,2019-08-10,14000.0,15000.0,15000.0
956,2019-08-12,13000.0,14000.0,14000.0
957,2019-08-13,13000.0,14000.0,14000.0
958,2019-08-14,13000.0,14000.0,14000.0
959,2019-08-15,13000.0,14000.0,14000.0
960,2019-08-16,13000.0,14000.0,14000.0
961,2019-08-20,13000.0,14000.0,14000.0
962,2019-08-21,14000.0,16000.0,16000.0
963,2019-08-22,14000.0,16000.0,16000.0
964,2019-08-23,14000.0,16000.0,16000.0
965,2019-08-26,13000.0,14000.0,14000.0
966,2019-08-27,13000.0,14000.0,14000.0
967,2019-08-28,13000.0,14000.0,14000.0
968,2019-08-29,13000.0,14000.0,14000.0
969,2019-08-30,13000.0,14000.0,14000.0
970,2019-08-31,13000.0,14000.0,14000.0
971,2019-09-02,13000.0,14000.0,14000.0
972,2019-09-03,12000.0,14000.0,14000.0
973,2019-09-04,12000.0,14000.0,14000.0
974,2019-09-05,12000.0,14000.0,14000.0
975,2019-09-06,12000.0,14000.0,14000.0
976,2019-09-09,13000.0,14000.0,14000.0
977,2019-09-10,13000.0,14000.0,14000.0
978,2019-09-11,13000.0,14000.0,14000.0
979,2019-09-12,13000.0,14000.0,14000.0
980,2019-09-13,13000.0,14000.0,14000.0
981,2019-09-14,13000.0,14000.0,14000.0
982,2019-09-16,13000.0,14000.0,14000.0
983,2019-09-17,13000.0,15000.0,15000.0
984,2019-09-18,13000.0,15000.0,15000.0
985,2019-09-19,13000.0,15000.0,15000.0
986,2019-09-20,13000.0,15000.0,15000.0
987,2019-09-23,13000.0,15000.0,15000.0
988,2019-09-24,13000.0,15000.0,15000.0
989,2019-09-30,14000.0,16000.0,16000.0
990,2019-10-01,14000.0,16000.0,16000.0
991,2019-10-02,14000.0,16000.0,16000.0
992,2019-10-03,14000.0,16000.0,16000.0
993,2019-10-04,14000.0,16000.0,16000.0
994,2019-10-05,14000.0,16000.0,16000.0
995,2019-10-07,14000.0,16000.0,16000.0
996,2019-10-09,14000.0,16000.0,16000.0
997,2019-10-10,14000.0,16000.0,16000.0
998,2019-10-11,14000.0,16000.0,16000.0
999,2019-10-15,14000.0,16000.0,16000.0
1000,2019-10-16,14000.0,16000.0,16000.0
1001,2019-10-17,14000.0,16000.0,16000.0
1002,2019-10-18,14000.0,16000.0,16000.0
1003,2019-10-19,14000.0,16000.0,16000.0
1004,2019-10-21,14000.0,16000.0,16000.0
1005,2019-10-22,12000.0,14000.0,14000.0
1006,2019-10-23,12000.0,14000.0,14000.0
1007,2019-10-24,12000.0,14000.0,14000.0
1008,2019-10-25,12000.0,14000.0,14000.0
1009,2019-10-28,11000.0,13000.0,13000.0
1010,2019-10-29,11000.0,13000.0,13000.0
1011,2019-10-30,11000.0,13000.0,13000.0
1012,2019-10-31,11000.0,13000.0,13000.0
1013,2019-11-01,11000.0,13000.0,13000.0
1014,2019-11-02,11000.0,13000.0,13000.0
1015,2019-11-05,11000.0,13000.0,13000.0
1016,2019-11-06,13000.0,14000.0,14000.0
1017,2019-11-07,13000.0,14000.0,14000.0
1018,2019-11-08,13000.0,14000.0,14000.0
1019,2019-11-12,13000.0,14000.0,14000.0
1020,2019-11-13,13000.0,14000.0,14000.0
1021,2019-11-14,13000.0,14000.0,14000.0
1022,2019-11-15,13000.0,14000.0,14000.0
1023,2019-11-18,13000.0,14000.0,14000.0
1024,2019-11-19,13000.0,14000.0,14000.0
1025,2019-11-20,13000.0,14000.0,14000.0
1026,2019-11-21,16000.0,18000.0,18000.0
1027,2019-11-22,16000.0,17000.0,17000.0
1028,2019-11-25,16000.0,17000.0,17000.0
1029,2019-11-26,16000.0,17000.0,17000.0
1030,2019-11-27,16000.0,17000.0,17000.0
1031,2019-11-28,16000.0,17000.0,17000.0
1032,2019-11-29,16000.0,17000.0,17000.0
1033,2019-11-30,16000.0,17000.0,17000.0
1034,2019-12-02,16000.0,17000.0,17000.0
1035,2019-12-03,16000.0,18000.0,18000.0
1036,2019-12-04,16000.0,18000.0,18000.0
1037,2019-12-05,16000.0,18000.0,18000.0
1038,2019-12-06,16000.0,18000.0,18000.0
1039,2019-12-09,15000.0,16000.0,16000.0
1040,2019-12-10,15000.0,16000.0,16000.0
1041,2019-12-11,15000.0,16000.0,16000.0
1042,2019-12-12,15000.0,16000.0,16000.0
1043,2019-12-13,15000.0,16000.0,16000.0
1044,2019-12-16,15000.0,17000.0,17000.0
1045,2019-12-17,15000.0,17000.0,17000.0
1046,2019-12-18,15000.0,17000.0,17000.0
1047,2019-12-19,15000.0,17000.0,17000.0
1048,2019-12-20,19000.0,20000.0,20000.0
1049,2019-12-21,19000.0,20000.0,20000.0
1050,2019-12-23,19000.0,20000.0,20000.0
1051,2019-12-24,19000.0,20000.0,20000.0
1052,2019-12-26,19000.0,20000.0,20000.0
1053,2019-12-27,19000.0,20000.0,20000.0
1054,2019-12-30,16000.0,17000.0,17000.0
1055,2019-12-31,16000.0,17000.0,17000.0
1056,2020-01-02,16000.0,17000.0,17000.0
1057,2020-01-03,16000.0,17000.0,17000.0
1058,2020-01-07,13000.0,15000.0,15000.0
1059,2020-01-08,13000.0,15000.0,15000.0
1060,2020-01-09,13000.0,15000.0,15000.0
1061,2020-01-10,13000.0,15000.0,15000.0
1062,2020-01-13,16000.0,17000.0,17000.0
1063,2020-01-14,16000.0,17000.0,17000.0
1064,2020-01-15,16000.0,17000.0,17000.0
1065,2020-01-16,16000.0,17000.0,17000.0
1066,2020-01-17,16000.0,17000.0,17000.0
1067,2020-01-18,16000.0,17000.0,17000.0
1068,2020-01-20,16000.0,17000.0,17000.0
1069,2020-01-21,16000.0,17000.0,17000.0
1070,2020-01-22,16000.0,17000.0,17000.0
1071,2020-01-23,16000.0,17000.0,17000.0
1072,2020-01-24,16000.0,17000.0,17000.0
1073,2020-01-25,16000.0,17000.0,17000.0
1074,2020-01-27,15000.0,16000.0,16000.0
1075,2020-01-28,15000.0,16000.0,16000.0
1076,2020-01-29,15000.0,16000.0,16000.0
1077,2020-01-30,15000.0,16000.0,16000.0
1078,2020-01-31,15000.0,16000.0,16000.0
1079,2020-02-01,15000.0,16000.0,16000.0
1080,2020-02-03,15000.0,16000.0,16000.0
1081,2020-02-04,15000.0,16000.0,16000.0
1082,2020-02-05,15000.0,16000.0,16000.0
1083,2020-02-06,15000.0,16000.0,16000.0
1084,2020-02-07,15000.0,16000.0,16000.0
1085,2020-02-10,15000.0,16000.0,16000.0
1086,2020-02-11,13000.0,14000.0,14000.0
1087,2020-02-12,13000.0,14000.0,14000.0
1088,2020-02-13,13000.0,14000.0,14000.0
1089,2020-02-14,13000.0,14000.0,14000.0
1090,2020-02-17,13000.0,14000.0,14000.0
1091,2020-02-18,13000.0,14000.0,14000.0
1092,2020-02-19,13000.0,14000.0,14000.0
1093,2020-02-20,13000.0,14000.0,14000.0
1094,2020-02-21,13000.0,14000.0,14000.0
1095,2020-02-24,13000.0,14000.0,14000.0
1096,2020-02-25,13000.0,14000.0,14000.0
1097,2020-02-26,13000.0,14000.0,14000.0
1098,2020-02-27,13000.0,14000.0,14000.0
1099,2020-02-28,13000.0,14000.0,14000.0
1100,2020-02-29,13000.0,14000.0,14000.0
1101,2020-03-02,13000.0,14000.0,14000.0
1102,2020-03-03,14000.0,15000.0,15000.0
1103,2020-03-04,17000.0,19000.0,19000.0
1104,2020-03-05,24000.0,26000.0,26000.0
1105,2020-03-06,24000.0,26000.0,26000.0
1106,2020-03-09,20000.0,22000.0,22000.0
1107,2020-03-10,20000.0,22000.0,22000.0
1108,2020-03-11,17000.0,18000.0,18000.0
1109,2020-03-12,17000.0,18000.0,18000.0
1110,2020-03-13,17000.0,18000.0,18000.0
1111,2020-03-14,17000.0,18000.0,18000.0
1112,2020-03-16,17000.0,18000.0,18000.0
1113,2020-03-17,22000.0,24000.0,24000.0
1114,2020-03-18,22000.0,24000.0,24000.0
1115,2020-03-19,22000.0,24000.0,24000.0
1116,2020-03-20,22000.0,24000.0,24000.0
1117,2020-03-24,18000.0,19000.0,19000.0
1118,2020-03-25,18000.0,19000.0,19000.0
1119,2020-03-26,18000.0,19000.0,19000.0
1120,2020-03-27,18000.0,19000.0,19000.0
1121,2020-03-28,18000.0,19000.0,19000.0
1122,2020-03-30,18000.0,19000.0,19000.0
1123,2020-03-31,18000.0,19000.0,19000.0
1124,2020-04-01,18000.0,19000.0,19000.0
1125,2020-04-02,18000.0,19000.0,19000.0
1126,2020-04-03,18000.0,19000.0,19000.0
1127,2020-04-06,16000.0,17000.0,17000.0
1128,2020-04-07,16000.0,17000.0,17000.0
1129,2020-04-08,16000.0,17000.0,17000.0
1130,2020-04-13,16000.0,17000.0,17000.0
1131,2020-04-14,16000.0,17000.0,17000.0
1132,2020-04-15,16000.0,17000.0,17000.0
1133,2020-04-16,16000.0,17000.0,17000.0
1134,2020-04-17,16000.0,17000.0,17000.0
1135,2020-04-18,20000.0,21000.0,21000.0
1136,2020-04-20,20000.0,21000.0,21000.0
1137,2020-04-21,20000.0,21000.0,21000.0
1138,2020-04-22,20000.0,21000.0,21000.0
1139,2020-04-23,20000.0,21000.0,21000.0
1140,2020-04-24,20000.0,21000.0,21000.0
1141,2020-04-27,22000.0,24000.0,24000.0
1142,2020-04-28,22000.0,24000.0,24000.0
1143,2020-04-29,22000.0,24000.0,24000.0
1144,2020-04-30,22000.0,24000.0,24000.0
1145,2020-05-04,24000.0,26000.0,26000.0
1146,2020-05-05,24000.0,26000.0,26000.0
1147,2020-05-06,20000.0,22000.0,22000.0
1148,2020-05-07,20000.0,22000.0,22000.0
1149,2020-05-08,20000.0,22000.0,22000.0
1150,2020-05-11,20000.0,22000.0,22000.0
1151,2020-05-12,20000.0,22000.0,22000.0
1152,2020-05-13,20000.0,22000.0,22000.0
1153,2020-05-14,20000.0,22000.0,22000.0
1154,2020-05-15,20000.0,22000.0,22000.0
1155,2020-05-18,20000.0,22000.0,22000.0
1156,2020-05-19,20000.0,22000.0,22000.0
1157,2020-05-20,20000.0,22000.0,22000.0
1158,2020-05-21,20000.0,22000.0,22000.0
1159,2020-05-22,20000.0,22000.0,22000.0
1160,2020-05-25,20000.0,22000.0,22000.0
1161,2020-05-26,20000.0,22000.0,22000.0
1162,2020-05-27,20000.0,22000.0,22000.0
1163,2020-05-28,20000.0,22000.0,22000.0
1164,2020-05-29,20000.0,22000.0,22000.0
1165,2020-06-01,22000.0,24000.0,24000.0
1166,2020-06-02,22000.0,24000.0,24000.0
1167,2020-06-03,22000.0,24000.0,24000.0
1168,2020-06-05,22000.0,24000.0,24000.0
1169,2020-06-08,26000.0,28000.0,28000.0
1170,2020-06-19,21000.0,23000.0,23000.0
1171,2020-06-20,16000.0,18000.0,18000.0
1172,2020-06-23,18000.0,19000.0,19000.0
1173,2020-06-24,13000.0,14000.0,14000.0
1174,2020-06-25,13000.0,14000.0,14000.0
1175,2020-06-26,13000.0,14000.0,14000.0
1176,2020-06-27,13000.0,14000.0,14000.0
1177,2020-06-29,13000.0,14000.0,14000.0
1178,2020-06-30,15000.0,16000.0,16000.0
1179,2020-07-01,15000.0,16000.0,16000.0
1180,2020-07-02,13000.0,14000.0,14000.0
1181,2020-07-03,13000.0,14000.0,14000.0
1182,2020-07-04,13000.0,14000.0,14000.0
1183,2020-07-06,13000.0,14000.0,14000.0
1184,2020-07-07,14000.0,15000.0,15000.0
1185,2020-07-08,14000.0,15000.0,15000.0
1186,2020-07-09,14000.0,15000.0,15000.0
1187,2020-07-10,14000.0,15000.0,15000.0
1188,2020-07-11,14000.0,15000.0,15000.0
1189,2020-07-13,14000.0,15000.0,15000.0
1190,2020-07-14,14000.0,15000.0,15000.0
1191,2020-07-15,13000.0,14000.0,14000.0
1192,2020-07-16,13000.0,14000.0,14000.0
1193,2020-07-17,13000.0,14000.0,14000.0
1194,2020-07-18,13000.0,14000.0,14000.0
1195,2020-07-21,13000.0,14000.0,14000.0
1196,2020-07-22,10000.0,11000.0,11000.0
1197,2020-07-23,10000.0,11000.0,11000.0
1198,2020-07-24,10000.0,13000.0,13000.0
1199,2020-07-25,10000.0,13000.0,13000.0
1200,2020-07-27,10000.0,13000.0,13000.0
1201,2020-07-28,10000.0,13000.0,13000.0
1202,2020-07-29,10000.0,13000.0,13000.0
1203,2020-07-30,10000.0,10000.0,10000.0
1204,2020-07-31,10000.0,12500.0,12500.0
1205,2020-08-01,10000.0,12500.0,12500.0
1206,2020-08-03,10000.0,12500.0,12500.0
1207,2020-08-04,10000.0,12500.0,12500.0
1208,2020-08-05,10000.0,12500.0,12500.0
1209,2020-08-06,10000.0,12500.0,12500.0
1210,2020-08-07,10000.0,12500.0,12500.0
1211,2020-08-08,10000.0,12500.0,12500.0
1212,2020-08-10,10000.0,12500.0,12500.0
1213,2020-08-11,95000.0,11000.0,11000.0
1214,2020-08-12,95000.0,11000.0,11000.0
1215,2020-08-13,12000.0,13000.0,13000.0
1216,2020-08-14,14000.0,16000.0,16000.0
1217,2020-08-15,14000.0,16000.0,16000.0
1218,2020-08-17,14000.0,16000.0,16000.0
1219,2020-08-18,11000.0,13000.0,13000.0
1220,2020-08-19,11000.0,13000.0,13000.0
1221,2020-08-20,9000.0,11000.0,11000.0
1222,2020-08-21,9000.0,11000.0,11000.0
1223,2020-08-22,11000.0,13000.0,13000.0
1224,2020-08-24,11000.0,13000.0,13000.0
1225,2020-08-25,11000.0,13000.0,13000.0
1226,2020-08-26,11000.0,13000.0,13000.0
1227,2020-08-27,11000.0,13000.0,13000.0
1228,2020-08-28,11000.0,13000.0,13000.0
1229,2020-08-29,11000.0,13000.0,13000.0
1230,2020-08-31,11000.0,13000.0,13000.0
1231,2020-09-01,11000.0,13000.0,13000.0
1232,2020-09-02,11000.0,13000.0,13000.0
1233,2020-09-03,11000.0,13000.0,13000.0
1234,2020-09-04,15000.0,17000.0,17000.0
1235,2020-09-05,15000.0,17000.0,17000.0
1236,2020-09-07,15000.0,17000.0,17000.0
1237,2020-09-08,15000.0,17000.0,17000.0
1238,2020-09-09,15000.0,17000.0,17000.0
1239,2020-09-10,15000.0,17000.0,17000.0
1240,2020-09-11,15000.0,17000.0,17000.0
1241,2020-09-15,11000.0,12000.0,12000.0
1242,2020-09-16,11000.0,12000.0,12000.0
1243,2020-09-17,11000.0,12000.0,12000.0
1244,2020-09-18,11000.0,12000.0,12000.0
1245,2020-09-19,11000.0,13000.0,13000.0
1246,2020-09-21,14000.0,16000.0,16000.0
1247,2020-09-22,11000.0,12000.0,12000.0
1248,2020-09-23,11000.0,12000.0,12000.0
1249,2020-09-24,11000.0,12000.0,12000.0
1250,2020-09-25,11000.0,13000.0,13000.0
1251,2020-09-26,11000.0,13000.0,13000.0
1252,2020-09-28,11000.0,14000.0,14000.0
1253,2020-09-29,12000.0,13000.0,13000.0
1254,2020-09-30,12000.0,13000.0,13000.0
1255,2020-10-01,12000.0,13000.0,13000.0
1256,2020-10-02,13000.0,15000.0,15000.0
1257,2020-10-03,13000.0,15000.0,15000.0
1258,2020-10-05,16000.0,18000.0,18000.0
1259,2020-10-06,13000.0,14000.0,14000.0
1260,2020-10-07,13000.0,14000.0,14000.0
1261,2020-10-08,13000.0,14000.0,14000.0
1262,2020-10-09,13000.0,14000.0,14000.0
1263,2020-10-10,13000.0,14000.0,14000.0
1264,2020-10-12,13000.0,14000.0,14000.0
1265,2020-10-13,12000.0,13000.0,13000.0
1266,2020-10-14,12000.0,13000.0,13000.0
1267,2020-10-15,12000.0,13000.0,13000.0
1268,2020-10-16,12000.0,13000.0,13000.0
1269,2020-10-17,12000.0,13000.0,13000.0
1270,2020-10-19,12000.0,13000.0,13000.0
1271,2020-10-20,12000.0,13000.0,13000.0
1272,2020-10-21,12000.0,13000.0,13000.0
1273,2020-10-22,12000.0,13000.0,13000.0
1274,2020-10-23,12000.0,13000.0,13000.0
1275,2020-10-24,12000.0,13000.0,13000.0
1276,2020-10-26,12000.0,13000.0,13000.0
1277,2020-10-27,10000.0,11000.0,11000.0
1278,2020-10-28,10000.0,11000.0,11000.0
1279,2020-10-29,10000.0,11000.0,11000.0
1280,2020-10-30,10000.0,12500.0,12500.0
1281,2020-10-31,10000.0,12500.0,12500.0
1282,2020-11-03,10000.0,12000.0,12000.0
1283,2020-11-04,10000.0,12000.0,12000.0
1284,2020-11-05,12000.0,14000.0,14000.0
1285,2020-11-06,18000.0,20000.0,20000.0
1286,2020-11-07,14000.0,16000.0,16000.0
1287,2020-11-09,14000.0,16000.0,16000.0
1288,2020-11-10,13000.0,14000.0,14000.0
1289,2020-11-11,13000.0,14000.0,14000.0
1290,2020-11-12,13000.0,14000.0,14000.0
1291,2020-11-13,14000.0,16000.0,16000.0
1292,2020-11-14,14000.0,16000.0,16000.0
1293,2020-11-17,12000.0,13000.0,13000.0
1294,2020-11-18,12000.0,13000.0,13000.0
1295,2020-11-19,12000.0,13000.0,13000.0
1296,2020-11-20,14000.0,16000.0,16000.0
1297,2020-11-21,16000.0,18000.0,18000.0
1298,2020-11-23,16000.0,18000.0,18000.0
1299,2020-11-24,14000.0,15000.0,15000.0
1300,2020-11-25,14000.0,15000.0,15000.0
1301,2020-11-26,14000.0,15000.0,15000.0
1302,2020-11-27,14000.0,15000.0,15000.0
1303,2020-11-28,14000.0,15000.0,15000.0
1304,2020-11-30,15000.0,18000.0,18000.0
1305,2020-12-01,12000.0,13000.0,13000.0
1306,2020-12-02,12500.0,15000.0,15000.0
1307,2020-12-03,12500.0,15000.0,15000.0
1308,2020-12-04,12500.0,15000.0,15000.0
1309,2020-12-05,12500.0,15000.0,15000.0
1310,2020-12-07,10000.0,12500.0,12500.0
1311,2020-12-09,11000.0,12000.0,12000.0
1312,2020-12-10,11000.0,12000.0,12000.0
1313,2020-12-11,10000.0,11500.0,11500.0
1314,2020-12-12,10000.0,11500.0,11500.0
1315,2020-12-14,10000.0,11500.0,11500.0
1316,2020-12-15,10000.0,11500.0,11500.0
1317,2020-12-16,8000.0,9000.0,9000.0
1318,2020-12-17,10000.0,11000.0,11000.0
1319,2020-12-18,10000.0,11000.0,11000.0
1320,2020-12-19,10000.0,11000.0,11000.0
1321,2020-12-21,10000.0,11000.0,11000.0
1322,2020-12-22,10000.0,11000.0,11000.0
1323,2020-12-23,10000.0,11000.0,11000.0
1324,2020-12-24,10000.0,11000.0,11000.0
1325,2020-12-26,10000.0,11000.0,11000.0
1326,2020-12-28,10000.0,11000.0,11000.0
1327,2020-12-29,10000.0,11000.0,11000.0
1328,2020-12-30,10000.0,11000.0,11000.0
1329,2020-12-31,10000.0,11000.0,11000.0
1330,2021-01-04,13000.0,15000.0,15000.0
1331,2021-01-05,11000.0,12000.0,12000.0
1332,2021-01-06,11000.0,12000.0,12000.0
1333,2021-01-07,11000.0,12000.0,12000.0
1334,2021-01-08,15000.0,17500.0,17500.0
1335,2021-01-09,15000.0,17500.0,17500.0
1336,2021-01-11,20000.0,22500.0,22500.0
1337,2021-01-12,12000.0,13000.0,13000.0
1338,2021-01-13,12000.0,13000.0,13000.0
1339,2021-01-14,12000.0,13000.0,13000.0
1340,2021-01-15,16000.0,18000.0,18000.0
1341,2021-01-17,18000.0,20000.0,20000.0
1342,2021-01-18,18000.0,20000.0,20000.0
1343,2021-01-19,18000.0,20000.0,20000.0
1344,2021-01-20,18000.0,20000.0,20000.0
1345,2021-01-21,18000.0,19000.0,19000.0
1346,2021-01-22,14000.0,16000.0,16000.0
1347,2021-01-25,14000.0,16000.0,16000.0
1348,2021-01-26,15000.0,16000.0,16000.0
1349,2021-01-27,15000.0,16000.0,16000.0
1350,2021-01-28,15000.0,16000.0,16000.0
1351,2021-01-29,18000.0,20000.0,20000.0
1352,2021-01-30,18000.0,20000.0,20000.0
1353,2021-02-01,18000.0,20000.0,20000.0
1354,2021-02-02,16000.0,17000.0,17000.0
1355,2021-02-03,16000.0,17000.0,17000.0
1356,2021-02-04,16000.0,17000.0,17000.0
1357,2021-02-05,16000.0,17000.0,17000.0
1358,2021-02-06,16000.0,17000.0,17000.0
1359,2021-02-08,16000.0,17000.0,17000.0
1360,2021-02-09,16000.0,17000.0,17000.0
1361,2021-02-10,16000.0,17000.0,17000.0
1362,2021-02-11,10000.0,12500.0,12500.0
1363,2021-02-12,15000.0,16500.0,16500.0
1364,2021-02-13,15000.0,16500.0,16500.0
1365,2021-02-15,15000.0,16500.0,16500.0
1366,2021-02-16,15000.0,16500.0,16500.0
1367,2021-02-17,15000.0,16500.0,16500.0
1368,2021-02-18,15000.0,16500.0,16500.0
1369,2021-02-19,15000.0,16500.0,16500.0
1370,2021-02-20,16000.0,18000.0,18000.0
1371,2021-02-22,16000.0,18000.0,18000.0
1372,2021-02-23,16000.0,17000.0,17000.0
1373,2021-02-24,18000.0,20000.0,20000.0
1374,2021-02-25,20000.0,22000.0,22000.0
1375,2021-02-26,20000.0,22000.0,22000.0
1376,2021-02-27,22000.0,24000.0,24000.0
1377,2021-03-01,22000.0,24000.0,24000.0
1378,2021-03-02,28000.0,30000.0,30000.0
1379,2021-03-03,22500.0,25000.0,25000.0
1380,2021-03-04,22500.0,25000.0,25000.0
1381,2021-03-05,22500.0,25000.0,25000.0
1382,2021-03-06,22500.0,25000.0,25000.0
1383,2021-03-08,22500.0,25000.0,25000.0
1384,2021-03-09,20000.0,22000.0,22000.0
1385,2021-03-10,20000.0,20000.0,20000.0
1386,2021-03-11,20000.0,20000.0,20000.0
1387,2021-03-12,20000.0,20000.0,20000.0
1388,2021-03-13,20000.0,20000.0,20000.0
1389,2021-03-15,20000.0,20000.0,20000.0
1390,2021-03-16,20000.0,20000.0,20000.0
1391,2021-03-17,20000.0,20000.0,20000.0
1392,2021-03-18,20000.0,20000.0,20000.0
1393,2021-03-19,20000.0,20000.0,20000.0
1394,2021-03-22,20000.0,20000.0,20000.0
1395,2021-03-23,16000.0,18000.0,18000.0
1396,2021-03-24,16000.0,18000.0,18000.0
1397,2021-03-25,16000.0,18000.0,18000.0
1398,2021-03-26,16000.0,18000.0,18000.0
1399,2021-03-27,16000.0,18000.0,18000.0
1400,2021-03-29,16000.0,18000.0,18000.0
1401,2021-03-30,14000.0,15000.0,15000.0
1402,2021-03-31,14000.0,15000.0,15000.0
1403,2021-04-03,14000.0,16000.0,16000.0
1404,2021-04-05,18000.0,20000.0,20000.0
1405,2021-04-06,12000.0,14000.0,14000.0
1406,2021-04-07,12000.0,14000.0,14000.0
1407,2021-04-08,12000.0,14000.0,14000.0
1408,2021-04-10,15000.0,17500.0,17500.0
1409,2021-04-12,15000.0,17500.0,17500.0
1410,2021-04-13,13000.0,14000.0,14000.0
1411,2021-04-14,15000.0,17500.0,17500.0
1412,2021-04-15,15000.0,17500.0,17500.0
1413,2021-04-16,15000.0,17500.0,17500.0
1414,2021-04-17,15000.0,17500.0,17500.0
1415,2021-04-19,15000.0,17500.0,17500.0
1416,2021-04-20,14000.0,15000.0,15000.0
1417,2021-04-21,15000.0,17500.0,17500.0
1418,2021-04-22,15000.0,17500.0,17500.0
1419,2021-04-23,15000.0,17500.0,17500.0
1420,2021-04-24,15000.0,17500.0,17500.0
1421,2021-04-26,15000.0,17500.0,17500.0
1422,2021-04-27,13000.0,14000.0,14000.0
1423,2021-04-28,15000.0,17500.0,17500.0
1424,2021-04-29,20000.0,22500.0,22500.0
1425,2021-04-30,20000.0,22500.0,22500.0
1426,2021-05-01,20000.0,22500.0,22500.0
1427,2021-05-03,20000.0,22500.0,22500.0
1428,2021-05-04,20000.0,22500.0,22500.0
1429,2021-05-05,28000.0,30000.0,30000.0
1430,2021-05-06,35000.0,37500.0,37500.0
1431,2021-05-07,35000.0,37500.0,37500.0
1432,2021-05-08,35000.0,37500.0,37500.0
1433,2021-05-10,25000.0,27500.0,27500.0
1434,2021-05-11,25000.0,27500.0,27500.0
1435,2021-05-12,25000.0,27500.0,27500.0
1436,2021-05-13,25000.0,27500.0,27500.0
1437,2021-05-14,25000.0,27500.0,27500.0
1438,2021-05-15,25000.0,27500.0,27500.0
1439,2021-05-16,25000.0,27500.0,27500.0
1440,2021-05-18,20000.0,22000.0,22000.0
1441,2021-05-19,20000.0,25000.0,25000.0
1442,2021-05-21,20000.0,25000.0,25000.0
1443,2021-05-22,20000.0,25000.0,25000.0
1444,2021-05-24,20000.0,25000.0,25000.0
1445,2021-05-25,18000.0,20000.0,20000.0
1446,2021-05-26,18000.0,20000.0,20000.0
1447,2021-05-27,18000.0,20000.0,20000.0
1448,2021-05-28,18000.0,20000.0,20000.0
1449,2021-05-29,18000.0,20000.0,20000.0
1450,2021-05-31,18000.0,20000.0,20000.0
1451,2021-06-01,18000.0,20000.0,20000.0
1452,2021-06-02,18000.0,20000.0,20000.0
1453,2021-06-03,18000.0,20000.0,20000.0
1454,2021-06-07,18000.0,20000.0,20000.0
1455,2021-06-08,16000.0,17000.0,17000.0
1456,2021-06-09,16000.0,17000.0,17000.0
1457,2021-06-10,16000.0,17000.0,17000.0
1458,2021-06-11,16000.0,17000.0,17000.0
1459,2021-06-15,13000.0,14000.0,14000.0
1460,2021-06-16,15000.0,17500.0,17500.0
1461,2021-06-17,12500.0,15000.0,15000.0
1462,2021-06-18,12500.0,15000.0,15000.0
1463,2021-06-21,12500.0,15000.0,15000.0
1464,2021-06-22,12500.0,15000.0,15000.0
1465,2021-06-23,10000.0,12500.0,12500.0
1466,2021-06-24,10000.0,12500.0,12500.0
1467,2021-06-28,10000.0,12500.0,12500.0
1468,2021-06-29,10000.0,12500.0,12500.0
1469,2021-06-30,10000.0,12500.0,12500.0
1470,2021-07-01,10000.0,12500.0,12500.0
1471,2021-07-03,15000.0,17500.0,17500.0
1472,2021-07-05,15000.0,17500.0,17500.0
1473,2021-07-06,15000.0,17500.0,17500.0
1474,2021-07-07,15000.0,17500.0,17500.0
1475,2021-07-08,15000.0,17500.0,17500.0
1476,2021-07-09,15000.0,17500.0,17500.0
1477,2021-08-18,15000.0,17500.0,17500.0
1478,2021-08-19,25000.0,27000.0,27000.0
1479,2021-08-20,20000.0,22500.0,22500.0
1480,2021-08-22,24000.0,26000.0,26000.0
1481,2021-08-23,20000.0,22000.0,22000.0
1482,2021-08-24,20000.0,22000.0,22000.0
1483,2021-08-25,20000.0,22000.0,22000.0
1484,2021-08-26,20000.0,22000.0,22000.0
1485,2021-08-29,20000.0,22000.0,22000.0
1486,2021-08-30,21000.0,23000.0,23000.0
1487,2021-09-01,21000.0,23000.0,23000.0
1488,2021-09-02,21000.0,23000.0,23000.0
1489,2021-09-03,21000.0,23000.0,23000.0
1490,2021-09-05,21000.0,23000.0,23000.0
1491,2021-09-06,20000.0,22000.0,22000.0
1492,2021-09-07,20000.0,22000.0,22000.0
1493,2021-09-08,22000.0,25000.0,25000.0
1494,2021-09-09,22000.0,25000.0,25000.0
1495,2021-09-12,20000.0,22000.0,22000.0
1496,2021-09-13,18000.0,20000.0,20000.0
1497,2021-09-14,18000.0,20000.0,20000.0
1498,2021-09-15,18000.0,20000.0,20000.0
1499,2021-09-16,18000.0,20000.0,20000.0
1500,2021-09-19,18000.0,20000.0,20000.0
1501,2021-09-20,20000.0,22000.0,22000.0
1502,2021-09-21,20000.0,22000.0,22000.0
1503,2021-09-22,15000.0,17500.0,17500.0
1504,2021-09-23,15000.0,17500.0,17500.0
1505,2021-09-26,20000.0,22500.0,22500.0
1506,2021-09-27,20000.0,21000.0,21000.0
1507,2021-09-28,20000.0,21000.0,21000.0
1508,2021-09-29,20000.0,22500.0,22500.0
1509,2021-09-30,20000.0,22500.0,22500.0
1510,2021-10-04,20000.0,22000.0,22000.0
1511,2021-10-05,20000.0,22000.0,22000.0
1512,2021-10-06,20000.0,22000.0,22000.0
1513,2021-10-07,20000.0,22000.0,22000.0
1514,2021-10-10,20000.0,22000.0,22000.0
1515,2021-10-11,18000.0,19000.0,19000.0
1516,2021-10-12,18000.0,19000.0,19000.0
1517,2021-10-13,20000.0,22500.0,22500.0
1518,2021-10-17,20000.0,22500.0,22500.0
1519,2021-10-18,20000.0,22000.0,22000.0
1520,2021-10-19,20000.0,22000.0,22000.0
1521,2021-10-20,20000.0,22000.0,22000.0
1522,2021-10-21,20000.0,22000.0,22000.0
1523,2021-10-24,24000.0,26000.0,26000.0
1524,2021-10-25,19000.0,20000.0,20000.0
1525,2021-10-26,19000.0,20000.0,20000.0
1526,2021-10-27,19000.0,20000.0,20000.0
