fecha,primera_actualkg,corriente_actualkg
2016-01-04,2809,2458
2016-01-05,2809,2458
2016-01-06,2809,2458
2016-01-07,4565,4214
2016-01-08,4565,4214
2016-01-09,4565,4214
2016-01-10,4390,4214
2016-01-11,4390,4214
2016-01-12,4390,4214
2016-01-13,4038,3687
2016-01-14,4038,3687
2016-01-15,4038,3687
2016-01-16,4916,4565
2016-01-17,4916,4565
2016-01-18,4916,4565
2016-01-19,4916,4565
2016-01-20,4916,4565
2016-01-21,4916,4565
2016-01-22,4916,4565
2016-01-23,4916,4565
2016-01-24,4916,4565
2016-01-25,4916,4565
2016-01-26,4916,4565
2016-01-27,3782,3403
2016-01-28,4916,4565
2016-01-29,4916,4565
2016-01-30,4160,3782
2016-01-31,2947,2774
2016-02-01,2947,2774
2016-02-02,2947,2774
2016-02-03,3360,3173
2016-02-04,4161,3814
2016-02-05,3360,3173
2016-02-06,4161,3814
2016-02-07,4161,3814
2016-02-08,4161,3814
2016-02-09,2947,2774
2016-02-10,2988,2801
2016-02-11,2988,2801
2016-02-12,2947,2774
2016-02-13,2947,2774
2016-02-14,2947,2774
2016-02-15,2947,2774
2016-02-16,2427,2254
2016-02-17,2427,2254
2016-02-18,2427,2254
2016-02-19,2427,2254
2016-02-20,2801,2801
2016-02-21,2600,2427
2016-02-22,2600,2427
2016-02-23,2254,2080
2016-02-24,2254,2080
2016-02-25,2254,2080
2016-02-26,2254,2080
2016-02-27,3173,2988
2016-02-28,2600,2427
2016-02-29,2600,2427
2016-03-01,3607,3435
2016-03-02,3607,3435
2016-03-03,3607,3435
2016-03-04,3778,3435
2016-03-05,4465,4122
2016-03-06,4809,4465
2016-03-07,4809,4465
2016-03-08,4809,4465
2016-03-09,4122,3778
2016-03-10,4809,4465
2016-03-11,4809,4465
2016-03-12,3950,3607
2016-03-13,3950,3607
2016-03-14,3950,3607
2016-03-15,3950,3607
2016-03-16,3950,3607
2016-03-17,3950,3607
2016-03-18,3950,3607
2016-03-19,3950,3607
2016-03-20,5548,5179
2016-03-21,5548,5179
2016-03-22,3950,3607
2016-03-23,3950,3607
2016-03-24,3263,3091
2016-03-25,3263,3091
2016-03-26,3263,3091
2016-03-27,3263,3091
2016-03-28,3263,3091
2016-03-29,3778,3435
2016-03-30,3778,3435
2016-03-31,3778,3435
2016-04-01,3760,3418
2016-04-02,5521,5521
2016-04-03,4785,4444
2016-04-04,4785,4444
2016-04-05,4785,4444
2016-04-06,5640,5127
2016-04-07,5640,5127
2016-04-08,5640,5127
2016-04-09,5640,5127
2016-04-10,5640,5127
2016-04-11,5640,5127
2016-04-12,5640,5127
2016-04-13,4785,4444
2016-04-14,4785,4444
2016-04-15,4785,4444
2016-04-16,6442,4444
2016-04-17,5640,5127
2016-04-18,5640,5127
2016-04-19,4785,4444
2016-04-20,4785,4444
2016-04-21,5640,5127
2016-04-22,5640,5127
2016-04-23,4785,4444
2016-04-24,3931,3418
2016-04-25,3931,3418
2016-04-26,3931,3418
2016-04-27,4785,4444
2016-04-28,4785,4444
2016-04-29,3931,3589
2016-04-30,5890,5890
2016-05-01,3911,3571
2016-05-02,3911,3571
2016-05-03,4761,4421
2016-05-04,4761,4421
2016-05-05,4761,4421
2016-05-06,4761,4421
2016-05-07,5611,5101
2016-05-08,3911,3401
2016-05-09,3911,3401
2016-05-10,3911,3401
2016-05-11,4421,4081
2016-05-12,3911,3401
2016-05-13,4761,4421
2016-05-14,5859,5493
2016-05-15,3911,3401
2016-05-16,3911,3401
2016-05-17,3911,3401
2016-05-18,3911,3401
2016-05-19,3061,2721
2016-05-20,3061,2721
2016-05-21,3911,3401
2016-05-22,3231,3061
2016-05-23,3231,3061
2016-05-24,3231,3061
2016-05-25,3231,3061
2016-05-26,3231,3061
2016-05-27,3231,3061
2016-05-28,4029,3662
2016-05-29,4029,4029
2016-05-30,4029,4029
2016-05-31,3231,3061
2016-06-01,3215,3046
2016-06-02,3215,3046
2016-06-03,3215,3046
2016-06-04,3215,3046
2016-06-05,4400,4061
2016-06-06,4400,4061
2016-06-07,4400,4061
2016-06-08,4400,4061
2016-06-09,3892,3554
2016-06-10,3892,3554
2016-06-11,5103,4921
2016-06-12,2200,1861
2016-06-13,2200,1861
2016-06-14,2200,1861
2016-06-15,2200,1861
2016-06-16,2200,1861
2016-06-17,2200,1861
2016-06-18,4010,3645
2016-06-19,2200,1861
2016-06-20,2200,1861
2016-06-21,2200,1861
2016-06-22,2200,1861
2016-06-23,2200,1861
2016-06-24,2200,1861
2016-06-25,4010,3645
2016-06-26,2200,1861
2016-06-27,2200,1861
2016-06-28,2200,1861
2016-06-29,2200,1861
2016-06-30,2200,2031
2016-07-01,2357,2189
2016-07-02,2357,2189
2016-07-03,2525,2357
2016-07-04,2525,2357
2016-07-05,2525,2357
2016-07-06,2525,2357
2016-07-07,2525,2357
2016-07-08,2525,2357
2016-07-09,2525,2357
2016-07-10,3030,2357
2016-07-11,3030,2357
2016-07-12,2694,2357
2016-07-13,2694,2357
2016-07-14,2694,2357
2016-07-15,2694,2357
2016-07-16,2357,2189
2016-07-17,2357,2189
2016-07-18,2357,2189
2016-07-19,2357,2189
2016-07-20,2525,2357
2016-07-21,2357,2189
2016-07-22,2357,2189
2016-07-23,2525,2357
2016-07-24,2357,2189
2016-07-25,2357,2189
2016-07-26,2357,2189
2016-07-27,2357,2189
2016-07-28,2189,2020
2016-07-29,2357,2189
2016-07-30,2525,2357
2016-07-31,2364,2195
2016-08-01,2364,2195
2016-08-02,2364,2195
2016-08-03,2364,2195
2016-08-04,2364,2195
2016-08-05,2364,2195
2016-08-06,2364,2195
2016-08-07,2364,2195
2016-08-08,2364,2195
2016-08-09,2364,2195
2016-08-10,2364,2195
2016-08-11,2364,2195
2016-08-12,2533,2027
2016-08-13,2546,2364
2016-08-14,2195,1858
2016-08-15,2195,1858
2016-08-16,2195,1858
2016-08-17,2195,1858
2016-08-18,2195,1858
2016-08-19,2195,1858
2016-08-20,2195,1858
2016-08-21,2195,1858
2016-08-22,2195,1858
2016-08-23,2195,1858
2016-08-24,2195,1858
2016-08-25,2195,1858
2016-08-26,2195,1858
2016-08-27,2546,2546
2016-08-28,2195,1858
2016-08-29,2195,1858
2016-08-30,2195,1858
2016-08-31,2195,1858
2016-09-01,2197,1859
2016-09-02,2197,1859
2016-09-03,2197,1859
2016-09-04,2197,1859
2016-09-05,2197,1859
2016-09-06,2197,1859
2016-09-07,2197,1859
2016-09-08,2197,1859
2016-09-09,2197,1859
2016-09-10,2197,1859
2016-09-11,2197,1859
2016-09-12,2197,1859
2016-09-13,2197,1859
2016-09-14,2730,2548
2016-09-15,2197,1859
2016-09-16,2197,1859
2016-09-17,2535,2366
2016-09-18,2535,2366
2016-09-19,2535,2366
2016-09-20,2535,2366
2016-09-21,2535,2366
2016-09-22,2535,2366
2016-09-23,2535,2366
2016-09-24,2912,2730
2016-09-25,2197,2028
2016-09-26,2197,2028
2016-09-27,2197,2028
2016-09-28,2197,2028
2016-09-29,2197,2028
2016-09-30,2197,2028
2016-10-01,2198,2029
2016-10-02,2198,2029
2016-10-03,2198,2029
2016-10-04,2198,2029
2016-10-05,2705,2367
2016-10-06,2705,2367
2016-10-07,2367,2198
2016-10-08,2914,2914
2016-10-09,2367,2198
2016-10-10,2367,2198
2016-10-11,1860,1691
2016-10-12,1522,1353
2016-10-13,1522,1353
2016-10-14,1522,1353
2016-10-15,1522,1353
2016-10-16,1522,1353
2016-10-17,1522,1353
2016-10-18,1522,1353
2016-10-19,1522,1353
2016-10-20,1522,1353
2016-10-21,1522,1353
2016-10-22,2549,2367
2016-10-23,1522,1353
2016-10-24,1522,1353
2016-10-25,1522,1353
2016-10-26,1522,1353
2016-10-27,1522,1353
2016-10-28,1522,1353
2016-10-29,1522,1353
2016-10-30,1522,1353
2016-10-31,1522,1353
2016-11-01,2027,1858
2016-11-02,1689,1520
2016-11-03,1858,1689
2016-11-04,1858,1689
2016-11-05,2027,1858
2016-11-06,2027,1858
2016-11-07,2027,1858
2016-11-08,1858,1689
2016-11-09,1858,1689
2016-11-10,1858,1689
2016-11-11,1858,1689
2016-11-12,2195,2027
2016-11-13,2027,1858
2016-11-14,2027,1858
2016-11-15,2027,1858
2016-11-16,2027,1858
2016-11-17,2027,1858
2016-11-18,2027,1858
2016-11-19,2027,1858
2016-11-20,2027,1858
2016-11-21,2027,1858
2016-11-22,2027,1858
2016-11-23,2027,1858
2016-11-24,2027,1858
2016-11-25,2027,1858
2016-11-26,2027,1858
2016-11-27,2027,1858
2016-11-28,2027,1858
2016-11-29,2027,1858
2016-11-30,2027,1858
2016-12-01,2018,2355
2016-12-02,2018,2355
2016-12-03,2523,2355
2016-12-04,2355,2186
2016-12-05,2355,2186
2016-12-06,2355,2186
2016-12-07,2355,2186
2016-12-08,2523,2355
2016-12-09,2355,2186
2016-12-10,2355,2186
2016-12-11,2355,2186
2016-12-12,2355,2186
2016-12-13,2355,2186
2016-12-14,2523,2355
2016-12-15,2523,2355
2016-12-16,2691,2355
2016-12-17,3079,2355
2016-12-18,2691,2355
2016-12-19,2691,2355
2016-12-20,2691,2355
2016-12-21,2355,2186
2016-12-22,2355,2186
2016-12-23,2355,2186
2016-12-24,2355,2186
2016-12-25,2691,2355
2016-12-26,2691,2355
2016-12-27,2691,2355
2016-12-28,2691,2355
2016-12-29,2691,2355
2016-12-30,2691,2355
2016-12-31,2899,2355
2017-01-01,2664,2331
2017-01-02,2664,2331
2017-01-03,2664,2331
2017-01-04,2664,2331
2017-01-05,2664,2331
2017-01-06,2664,2331
2017-01-07,2664,2331
2017-01-08,2497,2331
2017-01-09,2497,2331
2017-01-10,2497,2331
2017-01-11,2497,2331
2017-01-12,2497,2331
2017-01-13,2497,2331
2017-01-14,2664,2497
2017-01-15,2664,2497
2017-01-16,2664,2497
2017-01-17,2664,2497
2017-01-18,2664,2497
2017-01-19,2664,2164
2017-01-20,2664,2164
2017-01-21,2664,2331
2017-01-22,2996,2664
2017-01-23,2996,2664
2017-01-24,2664,2331
2017-01-25,2996,2664
2017-01-26,2830,2664
2017-01-27,2830,2664
2017-01-28,2664,2331
2017-01-29,2830,2497
2017-01-30,2830,2497
2017-01-31,2664,2996
2017-02-01,3626,3296
2017-02-02,3626,3296
2017-02-03,3626,3296
2017-02-04,4437,3246
2017-02-05,3626,3296
2017-02-06,3626,3296
2017-02-07,3626,3296
2017-02-08,3626,3296
2017-02-09,3626,3296
2017-02-10,3626,3296
2017-02-11,3550,3195
2017-02-12,3626,3296
2017-02-13,3626,3296
2017-02-14,3296,2967
2017-02-15,2637,2308
2017-02-16,2637,2308
2017-02-17,2637,2308
2017-02-18,3906,3550
2017-02-19,2637,2308
2017-02-20,2637,2308
2017-02-21,2967,2637
2017-02-22,2967,2637
2017-02-23,2967,2637
2017-02-24,2967,2637
2017-02-25,3906,3550
2017-02-26,2967,2637
2017-02-27,2967,2637
2017-02-28,2967,2637
2017-03-01,2953,2625
2017-03-02,3281,2953
2017-03-03,3609,3281
2017-03-04,4416,4240
2017-03-05,3281,2953
2017-03-06,3281,2953
2017-03-07,3281,2953
2017-03-08,4240,3887
2017-03-09,2953,2625
2017-03-10,2953,2625
2017-03-11,4240,3887
2017-03-12,2953,2625
2017-03-13,2953,2625
2017-03-14,2953,2625
2017-03-15,2953,2625
2017-03-16,3609,3281
2017-03-17,3937,3609
2017-03-18,3937,3609
2017-03-19,3609,3281
2017-03-20,3609,3281
2017-03-21,3609,3281
2017-03-22,2953,2625
2017-03-23,2953,2625
2017-03-24,3609,3281
2017-03-25,4593,4240
2017-03-26,3117,2953
2017-03-27,3117,2953
2017-03-28,3281,2953
2017-03-29,2953,2625
2017-03-30,2953,2625
2017-03-31,3281,2953
2017-04-01,3266,2939
2017-04-02,3266,2939
2017-04-03,3266,2939
2017-04-04,2939,2612
2017-04-05,3266,2939
2017-04-06,3102,2939
2017-04-07,2776,2612
2017-04-08,3517,3517
2017-04-09,2612,2449
2017-04-10,2612,2449
2017-04-11,2449,2286
2017-04-12,2286,2123
2017-04-13,2939,2612
2017-04-14,2939,2612
2017-04-15,2939,2612
2017-04-16,3102,2939
2017-04-17,3102,2939
2017-04-18,2449,2286
2017-04-19,2123,1959
2017-04-20,2286,2123
2017-04-21,2612,2286
2017-04-22,2939,2612
2017-04-23,2939,2612
2017-04-24,2939,2612
2017-04-25,2939,2612
2017-04-26,2939,2612
2017-04-27,2939,2612
2017-04-28,2939,2612
2017-04-29,3517,3165
2017-04-30,2933,2607
2017-05-01,2933,2607
2017-05-02,2933,2607
2017-05-03,2933,2607
2017-05-04,2933,2607
2017-05-05,2933,2607
2017-05-06,3258,2933
2017-05-07,3258,2933
2017-05-08,3258,2933
2017-05-09,2933,2607
2017-05-10,2933,2607
2017-05-11,2933,2607
2017-05-12,2933,2607
2017-05-13,2933,2607
2017-05-14,2933,2607
2017-05-15,2933,2607
2017-05-16,2933,2607
2017-05-17,2933,2607
2017-05-18,3258,2933
2017-05-19,2933,2607
2017-05-20,2933,2607
2017-05-21,3258,2933
2017-05-22,3258,2933
2017-05-23,3258,2933
2017-05-24,3258,2933
2017-05-25,3258,2933
2017-05-26,3258,2933
2017-05-27,3258,2933
2017-05-28,2607,2444
2017-05-29,2607,2444
2017-05-30,2607,2444
2017-05-31,2607,2444
2017-06-01,2604,2441
2017-06-02,2604,2441
2017-06-03,2604,2441
2017-06-04,2604,2441
2017-06-05,2604,2441
2017-06-06,2604,2441
2017-06-07,2604,2441
2017-06-08,2604,2441
2017-06-09,2604,2441
2017-06-10,2604,2441
2017-06-11,2604,2441
2017-06-12,2604,2441
2017-06-13,2604,2441
2017-06-14,2604,2441
2017-06-15,2604,2441
2017-06-16,2604,2441
2017-06-17,2604,2441
2017-06-18,2604,2441
2017-06-19,2604,2441
2017-06-20,2604,2441
2017-06-21,2604,2441
2017-06-22,2604,2441
2017-06-23,2604,2441
2017-06-24,2604,2441
2017-06-25,2604,2441
2017-06-26,2604,2441
2017-06-27,2604,2441
2017-06-28,2604,2441
2017-06-29,2604,2441
2017-06-30,2604,2441
2017-07-01,2806,2631
2017-07-02,2605,2442
2017-07-03,2605,2442
2017-07-04,2605,2442
2017-07-05,2605,2442
2017-07-06,2605,2442
2017-07-07,2605,2442
2017-07-08,2605,2442
2017-07-09,2605,2442
2017-07-10,2605,2442
2017-07-11,2605,2442
2017-07-12,2605,2442
2017-07-13,2605,2442
2017-07-14,2605,2442
2017-07-15,2605,2442
2017-07-16,2605,2442
2017-07-17,2605,2442
2017-07-18,2605,2442
2017-07-19,2605,2442
2017-07-20,2605,2442
2017-07-21,2605,2442
2017-07-22,2605,2442
2017-07-23,2768,2605
2017-07-24,2768,2605
2017-07-25,2768,2605
2017-07-26,2768,2605
2017-07-27,2768,2605
2017-07-28,2768,2605
2017-07-29,2605,2442
2017-07-30,2605,2442
2017-07-31,2605,2442
2017-08-01,2601,2439
2017-08-02,2601,2439
2017-08-03,2601,2439
2017-08-04,2601,2439
2017-08-05,2601,2439
2017-08-06,2601,2439
2017-08-07,2601,2439
2017-08-08,2601,2439
2017-08-09,2601,2439
2017-08-10,2601,2439
2017-08-11,2601,2439
2017-08-12,2601,2439
2017-08-13,2601,2439
2017-08-14,2601,2439
2017-08-15,2601,2439
2017-08-16,2601,2439
2017-08-17,2601,2439
2017-08-18,2601,2439
2017-08-19,2601,2439
2017-08-20,2601,2439
2017-08-21,2601,2439
2017-08-22,2601,2439
2017-08-23,2601,2439
2017-08-24,2601,2439
2017-08-25,2601,2439
2017-08-26,2601,2439
2017-08-27,2601,2439
2017-08-28,2601,2439
2017-08-29,2601,2439
2017-08-30,2601,2439
2017-08-31,2601,2439
2017-09-01,2600,2438
2017-09-02,2600,2438
2017-09-03,2763,2600
2017-09-04,2763,2600
2017-09-05,2763,2600
2017-09-06,2763,2600
2017-09-07,2763,2801
2017-09-08,2925,2763
2017-09-09,2763,2600
2017-09-10,2763,2600
2017-09-11,2763,2600
2017-09-12,2763,2600
2017-09-13,2763,2600
2017-09-14,2763,2600
2017-09-15,2763,2600
2017-09-16,2763,2600
2017-09-17,2763,2600
2017-09-18,2763,2600
2017-09-19,2763,2600
2017-09-20,2600,2438
2017-09-21,2600,2438
2017-09-22,2600,2438
2017-09-23,2975,2801
2017-09-24,2600,2275
2017-09-25,2600,2275
2017-09-26,2600,2275
2017-09-27,2600,2275
2017-09-28,2600,2275
2017-09-29,2600,2275
2017-09-30,2600,2275
2017-10-01,2600,2275
2017-10-02,2600,2275
2017-10-03,2600,2112
2017-10-04,2600,2112
2017-10-05,2600,2112
2017-10-06,2600,2437
2017-10-07,2600,2437
2017-10-08,2600,2437
2017-10-09,2600,2437
2017-10-10,2600,2437
2017-10-11,2600,2437
2017-10-12,2600,2437
2017-10-13,2600,2437
2017-10-14,2600,2437
2017-10-15,2600,2437
2017-10-16,2600,2437
2017-10-17,2600,2437
2017-10-18,2600,2437
2017-10-19,2600,2437
2017-10-20,2600,2437
2017-10-21,2600,2450
2017-10-22,2600,2437
2017-10-23,2600,2437
2017-10-24,2600,2437
2017-10-25,2600,2437
2017-10-26,2600,2437
2017-10-27,2600,2437
2017-10-28,2600,2100
2017-10-29,2600,2437
2017-10-30,2600,2437
2017-10-31,2600,2437
2017-11-01,2109,1946
2017-11-02,2271,2109
2017-11-03,2271,2109
2017-11-04,2271,2109
2017-11-05,2271,2109
2017-11-06,2271,2109
2017-11-07,2271,2109
2017-11-08,2271,2109
2017-11-09,2271,2109
2017-11-10,2271,2109
2017-11-11,2595,2271
2017-11-12,2595,2271
2017-11-13,2595,2271
2017-11-14,2595,2271
2017-11-15,2595,2271
2017-11-16,2595,2271
2017-11-17,2595,2271
2017-11-18,2795,2271
2017-11-19,2595,2271
2017-11-20,2595,2271
2017-11-21,2595,2271
2017-11-22,2595,2271
2017-11-23,2595,2271
2017-11-24,2595,2271
2017-11-25,2595,2271
2017-11-26,2595,2271
2017-11-27,2595,2271
2017-11-28,2595,2271
2017-11-29,2595,2271
2017-11-30,2595,2271
2017-12-01,2262,2262
2017-12-02,2262,2262
2017-12-03,2262,1777
2017-12-04,2262,1777
2017-12-05,2262,1616
2017-12-06,2262,2100
2017-12-07,2262,1616
2017-12-08,2262,2100
2017-12-09,2262,2100
2017-12-10,2262,2100
2017-12-11,2262,2100
2017-12-12,2262,2100
2017-12-13,2262,2100
2017-12-14,2262,2100
2017-12-15,2262,2100
2017-12-16,2262,2100
2017-12-17,2262,2100
2017-12-18,2262,2100
2017-12-19,2262,2100
2017-12-20,2262,2100
2017-12-21,2262,2100
2017-12-22,2262,2100
2017-12-23,2262,2100
2017-12-24,2262,2100
2017-12-25,2262,2100
2017-12-26,2262,2100
2017-12-27,2262,2100
2017-12-28,2262,2100
2017-12-29,2262,2100
2017-12-30,1766,1606
2017-12-31,1766,1606
2018-01-01,1766,1606
2018-01-02,1766,1606
2018-01-03,1766,1606
2018-01-04,1766,1606
2018-01-05,1766,1606
2018-01-06,1766,1606
2018-01-07,1766,1606
2018-01-08,1766,1606
2018-01-09,1766,1606
2018-01-10,1766,1606
2018-01-11,2408,2248
2018-01-12,2248,2087
2018-01-13,2248,2087
2018-01-14,2248,2087
2018-01-15,2248,2087
2018-01-16,2248,2087
2018-01-17,2248,2087
2018-01-18,2248,2087
2018-01-19,2248,2087
2018-01-20,2248,2087
2018-01-21,2248,2087
2018-01-22,2248,2087
2018-01-23,2248,2087
2018-01-24,2248,2087
2018-01-25,2248,2087
2018-01-26,2248,2087
2018-01-27,2248,2087
2018-01-28,2248,2087
2018-01-29,2248,2087
2018-01-30,2730,2569
2018-01-31,2730,2569
2018-02-01,3090,2919
2018-02-02,2710,2551
2018-02-03,3029,3090
2018-02-04,2710,2551
2018-02-05,2710,2551
2018-02-06,3029,2870
2018-02-07,3029,2870
2018-02-08,3029,2870
2018-02-09,3029,2870
2018-02-10,3029,2870
2018-02-11,3029,2870
2018-02-12,3029,2870
2018-02-13,3029,2870
2018-02-14,3029,2870
2018-02-15,3029,2870
2018-02-16,3029,2870
2018-02-17,3090,3090
2018-02-18,3189,2870
2018-02-19,3189,2870
2018-02-20,3189,2870
2018-02-21,3189,2870
2018-02-22,2710,2551
2018-02-23,2710,2551
2018-02-24,2870,2551
2018-02-25,2870,2551
2018-02-26,2870,2551
2018-02-27,2870,2551
2018-02-28,2870,2551
2018-03-01,2863,2545
2018-03-02,2863,2545
2018-03-03,2863,2545
2018-03-04,3181,2863
2018-03-05,3181,2863
2018-03-06,3181,2863
2018-03-07,3181,2863
2018-03-08,3022,2863
2018-03-09,3022,2863
2018-03-10,3022,2863
2018-03-11,3022,2863
2018-03-12,3022,2863
2018-03-13,3022,2863
2018-03-14,3022,2863
2018-03-15,2863,2227
2018-03-16,2863,2545
2018-03-17,2863,2545
2018-03-18,2863,2545
2018-03-19,2863,2545
2018-03-20,2863,2545
2018-03-21,2863,2545
2018-03-22,2863,2545
2018-03-23,2863,2545
2018-03-24,3083,3083
2018-03-25,2704,2545
2018-03-26,2704,2545
2018-03-27,2704,2545
2018-03-28,2704,2545
2018-03-29,2692,2533
2018-03-30,2692,2533
2018-03-31,2692,2533
2018-04-01,2692,2533
2018-04-02,2692,2533
2018-04-03,2533,2375
2018-04-04,2533,2375
2018-04-05,2533,2375
2018-04-06,2533,2375
2018-04-07,2533,2375
2018-04-08,3325,3167
2018-04-09,3325,3167
2018-04-10,3325,3167
2018-04-11,3325,3167
2018-04-12,3325,3167
2018-04-13,3325,3167
2018-04-14,4262,3167
2018-04-15,3325,3167
2018-04-16,3325,3167
2018-04-17,3325,3167
2018-04-18,3325,3167
2018-04-19,3325,3167
2018-04-20,3325,3167
2018-04-21,3325,3167
2018-04-22,3325,3167
2018-04-23,3325,3167
2018-04-24,2692,2533
2018-04-25,2692,2533
2018-04-26,2692,2533
2018-04-27,2692,2533
2018-04-28,3581,3410
2018-04-29,2692,2533
2018-04-30,2692,2533
2018-05-01,2527,2369
2018-05-02,2685,2527
2018-05-03,2685,2527
2018-05-04,2685,2527
2018-05-05,2527,2369
2018-05-06,2843,2685
2018-05-07,2843,2685
2018-05-08,2843,2685
2018-05-09,2843,2685
2018-05-10,2843,2685
2018-05-11,2843,2685
2018-05-12,2527,2369
2018-05-13,2527,2369
2018-05-14,2527,2369
2018-05-15,2527,2369
2018-05-16,2527,2369
2018-05-17,2527,2369
2018-05-18,2527,2369
2018-05-19,2527,2369
2018-05-20,2843,2527
2018-05-21,2843,2527
2018-05-22,2369,2211
2018-05-23,2369,2211
2018-05-24,2369,2211
2018-05-25,2369,2211
2018-05-26,2722,2551
2018-05-27,2527,2211
2018-05-28,2527,2211
2018-05-29,2527,2211
2018-05-30,2527,2211
2018-05-31,2527,2211
2018-06-01,2523,2208
2018-06-02,3627,3311
2018-06-03,3627,3311
2018-06-04,3627,3311
2018-06-05,3627,3311
2018-06-06,3627,3311
2018-06-07,3627,3311
2018-06-08,3627,3311
2018-06-09,2681,2523
2018-06-10,2681,2523
2018-06-11,2681,2523
2018-06-12,2681,2523
2018-06-13,2681,2523
2018-06-14,2681,2523
2018-06-15,2681,2523
2018-06-16,2681,2523
2018-06-17,2681,2523
2018-06-18,2681,2523
2018-06-19,2681,2523
2018-06-20,2681,2523
2018-06-21,2681,2523
2018-06-22,2681,2523
2018-06-23,3396,3396
2018-06-24,2838,2523
2018-06-25,2838,2523
2018-06-26,2838,2523
2018-06-27,2838,2523
2018-06-28,3396,3396
2018-06-29,2838,2523
2018-06-30,2838,2523
2018-07-01,2842,2526
2018-07-02,2842,2526
2018-07-03,2842,2526
2018-07-04,2842,2526
2018-07-05,2842,2526
2018-07-06,2842,2526
2018-07-07,2842,2526
2018-07-08,2842,2526
2018-07-09,2842,2526
2018-07-10,2842,2526
2018-07-11,2842,2526
2018-07-12,2842,2526
2018-07-13,2842,2526
2018-07-14,2842,2526
2018-07-15,2684,2526
2018-07-16,2684,2526
2018-07-17,2684,2526
2018-07-18,2684,2526
2018-07-19,2684,2526
2018-07-20,2684,2526
2018-07-21,2684,2526
2018-07-22,2684,2526
2018-07-23,2684,2526
2018-07-24,2684,2526
2018-07-25,2684,2526
2018-07-26,2684,2526
2018-07-27,2684,2526
2018-07-28,3060,2526
2018-07-29,2842,2526
2018-07-30,2842,2526
2018-07-31,2842,2526
2018-08-01,2523,2208
2018-08-02,2523,2208
2018-08-03,2523,2208
2018-08-04,2523,2208
2018-08-05,2523,2208
2018-08-06,2523,2208
2018-08-07,2523,2208
2018-08-08,2523,2208
2018-08-09,2523,2208
2018-08-10,2523,2208
2018-08-11,2523,2208
2018-08-12,2523,2208
2018-08-13,2523,2208
2018-08-14,2523,2208
2018-08-15,2523,2208
2018-08-16,2523,2208
2018-08-17,2523,2208
2018-08-18,2523,2208
2018-08-19,2523,2208
2018-08-20,2523,2208
2018-08-21,2523,2208
2018-08-22,2523,2208
2018-08-23,2523,2208
2018-08-24,2523,2208
2018-08-25,2523,2208
2018-08-26,2523,2208
2018-08-27,2523,2208
2018-08-28,2523,2208
2018-08-29,2523,2208
2018-08-30,2523,2208
2018-08-31,2523,2208
2018-09-01,2519,2204
2018-09-02,2519,2204
2018-09-03,2519,2204
2018-09-04,2519,2204
2018-09-05,2519,2204
2018-09-06,2519,2204
2018-09-07,2519,2204
2018-09-08,2519,2204
2018-09-09,2519,2204
2018-09-10,2519,2204
2018-09-11,2519,2204
2018-09-12,2519,2204
2018-09-13,2519,2204
2018-09-14,2519,2204
2018-09-15,2519,2204
2018-09-16,2519,2362
2018-09-17,2519,2362
2018-09-18,2519,2362
2018-09-19,2519,2362
2018-09-20,2519,2362
2018-09-21,2519,2362
2018-09-22,2519,2362
2018-09-23,2519,2362
2018-09-24,2519,2362
2018-09-25,2519,2204
2018-09-26,2519,2204
2018-09-27,2519,2204
2018-09-28,2519,2204
2018-09-29,2519,2204
2018-09-30,2280,2201
2018-10-01,2280,2201
2018-10-02,2280,2201
2018-10-03,2280,2201
2018-10-04,2280,2201
2018-10-05,2280,2201
2018-10-06,2280,2201
2018-10-07,2280,2201
2018-10-08,2280,2201
2018-10-09,2280,2201
2018-10-10,2280,2201
2018-10-11,2280,2201
2018-10-12,2280,2201
2018-10-13,3387,2437
2018-10-14,3387,2437
2018-10-15,3387,2437
2018-10-16,2830,2516
2018-10-17,2830,2516
2018-10-18,2830,2516
2018-10-19,2830,2516
2018-10-20,2830,2516
2018-10-21,2830,2516
2018-10-22,2830,2516
2018-10-23,2830,2516
2018-10-24,2830,2516
2018-10-25,2830,2516
2018-10-26,2830,2516
2018-10-27,2830,2516
2018-10-28,2830,2516
2018-10-29,2830,2516
2018-10-30,2516,2359
2018-10-31,2516,2359
2018-11-01,2513,2356
2018-11-02,2513,2356
2018-11-03,2513,2356
2018-11-04,2513,2356
2018-11-05,2513,2356
2018-11-06,2513,2356
2018-11-07,2513,2356
2018-11-08,2513,2356
2018-11-09,2513,2356
2018-11-10,2513,2356
2018-11-11,2513,2356
2018-11-12,2513,2356
2018-11-13,2513,2356
2018-11-14,2513,2356
2018-11-15,2513,2356
2018-11-16,2513,2356
2018-11-17,2513,2356
2018-11-18,2513,2356
2018-11-19,2513,2356
2018-11-20,2513,2356
2018-11-21,2356,2199
2018-11-22,2356,2199
2018-11-23,2356,2199
2018-11-24,2707,2538
2018-11-25,2513,2356
2018-11-26,2513,2356
2018-11-27,2513,2356
2018-11-28,2513,2356
2018-11-29,2513,2356
2018-11-30,2707,2538
2018-12-01,2036,2506
2018-12-02,2036,2506
2018-12-03,2036,2506
2018-12-04,2349,2192
2018-12-05,2349,2192
2018-12-06,2349,2192
2018-12-07,2349,2192
2018-12-08,2662,2506
2018-12-09,2662,2506
2018-12-10,2662,2506
2018-12-11,2662,2506
2018-12-12,2662,2506
2018-12-13,2662,2506
2018-12-14,2662,2506
2018-12-15,2662,2506
2018-12-16,2662,2506
2018-12-17,2662,2506
2018-12-18,2819,2506
2018-12-19,2819,2506
2018-12-20,2819,2506
2018-12-21,2819,2506
2018-12-22,2819,2506
2018-12-23,2662,2506
2018-12-24,2662,2506
2018-12-25,2662,2506
2018-12-26,2662,2506
2018-12-27,2662,2506
2018-12-28,2662,2506
2018-12-29,2361,2361
2018-12-30,2662,2506
2018-12-31,2662,2506
2019-01-01,2646,2491
2019-01-02,2646,2491
2019-01-03,2491,2335
2019-01-04,2491,2335
2019-01-05,2491,2335
2019-01-06,2491,2335
2019-01-07,2491,2335
2019-01-08,2491,2335
2019-01-09,2491,2179
2019-01-10,2491,2179
2019-01-11,2491,2179
2019-01-12,2491,2335
2019-01-13,2491,2179
2019-01-14,2491,2179
2019-01-15,2491,2179
2019-01-16,2491,2179
2019-01-17,2802,2491
2019-01-18,2802,2491
2019-01-19,2802,2491
2019-01-20,2802,2491
2019-01-21,2802,2491
2019-01-22,2802,2491
2019-01-23,2802,2491
2019-01-24,2802,2491
2019-01-25,2802,2491
2019-01-26,2802,2491
2019-01-27,2491,2179
2019-01-28,2491,2179
2019-01-29,2491,2179
2019-01-30,2491,2179
2019-01-31,2491,2179
2019-02-01,2476,2167
2019-02-02,2476,2167
2019-02-03,2476,2167
2019-02-04,2476,2167
2019-02-05,2476,2167
2019-02-06,2476,2167
2019-02-07,2476,2167
2019-02-08,2476,2167
2019-02-09,2476,2167
2019-02-10,2476,2167
2019-02-11,2476,2167
2019-02-12,2476,2167
2019-02-13,2476,2167
2019-02-14,2476,2167
2019-02-15,2476,2167
2019-02-16,2476,2167
2019-02-17,2476,2167
2019-02-18,2476,2167
2019-02-19,2476,2167
2019-02-20,2476,2167
2019-02-21,2476,2167
2019-02-22,2476,2167
2019-02-23,2476,2167
2019-02-24,2476,2167
2019-02-25,2476,2167
2019-02-26,2476,2167
2019-02-27,2476,2167
2019-02-28,2476,2167
2019-03-01,2466,2157
2019-03-02,2466,2157
2019-03-03,2466,2157
2019-03-04,2466,2157
2019-03-05,2466,2157
2019-03-06,2466,2157
2019-03-07,2466,2157
2019-03-08,2466,2157
2019-03-09,3319,3319
2019-03-10,2774,2620
2019-03-11,2774,2620
2019-03-12,2774,2620
2019-03-13,2774,2620
2019-03-14,2774,2620
2019-03-15,2774,2620
2019-03-16,2928,3082
2019-03-17,2774,2466
2019-03-18,2774,2466
2019-03-19,3082,2928
2019-03-20,3082,2928
2019-03-21,3082,2928
2019-03-22,3082,2928
2019-03-23,3319,3319
2019-03-24,3319,3319
2019-03-25,3319,3319
2019-03-26,3082,2928
2019-03-27,3082,2928
2019-03-28,3082,2928
2019-03-29,3082,2928
2019-03-30,3082,2928
2019-03-31,3067,2914
2019-04-01,3067,2914
2019-04-02,3067,2914
2019-04-03,3067,2914
2019-04-04,3067,2914
2019-04-05,3067,2914
2019-04-06,4294,4128
2019-04-07,3527,3220
2019-04-08,3527,3220
2019-04-09,3987,3680
2019-04-10,3987,3680
2019-04-11,3987,3680
2019-04-12,3987,3680
2019-04-13,3987,3680
2019-04-14,3987,3680
2019-04-15,3987,3680
2019-04-16,3374,3067
2019-04-17,3374,3067
2019-04-18,3963,3963
2019-04-19,3963,3963
2019-04-20,3963,3963
2019-04-21,3067,2760
2019-04-22,3067,2760
2019-04-23,3067,2760
2019-04-24,3067,2760
2019-04-25,3067,2760
2019-04-26,3067,2760
2019-04-27,3963,3798
2019-04-28,3067,2760
2019-04-29,3067,2760
2019-04-30,3067,2760
2019-05-01,2752,2446
2019-05-02,3057,2752
2019-05-03,3057,2752
2019-05-04,3057,2752
2019-05-05,3057,2752
2019-05-06,3057,2752
2019-05-07,2752,2599
2019-05-08,2752,2599
2019-05-09,2752,2599
2019-05-10,2752,2599
2019-05-11,2752,2446
2019-05-12,2599,2446
2019-05-13,2599,2446
2019-05-14,2752,2446
2019-05-15,2752,2446
2019-05-16,2752,2446
2019-05-17,2752,2446
2019-05-18,2752,2446
2019-05-19,2752,2446
2019-05-20,2752,2446
2019-05-21,2599,2446
2019-05-22,2599,2446
2019-05-23,2599,2446
2019-05-24,2599,2446
2019-05-25,2752,2446
2019-05-26,2446,2293
2019-05-27,2446,2293
2019-05-28,2446,2293
2019-05-29,2446,2293
2019-05-30,2446,2293
2019-05-31,2446,2293
2019-06-01,2744,2287
2019-06-02,2744,2287
2019-06-03,2744,2287
2019-06-04,2744,2287
2019-06-05,2744,2439
2019-06-06,2744,2439
2019-06-07,2744,2439
2019-06-08,2744,2439
2019-06-09,2744,2439
2019-06-10,2744,2439
2019-06-11,2744,2439
2019-06-12,2744,2439
2019-06-13,2744,2439
2019-06-14,2744,2439
2019-06-15,2744,2439
2019-06-16,2744,2439
2019-06-17,2744,2439
2019-06-18,2592,2439
2019-06-19,2897,2744
2019-06-20,2897,2744
2019-06-21,2897,2744
2019-06-22,2897,2744
2019-06-23,2897,2744
2019-06-24,2897,2744
2019-06-25,2897,2744
2019-06-26,2897,2744
2019-06-27,2897,2744
2019-06-28,2744,2135
2019-06-29,2744,2135
2019-06-30,2434,2130
2019-07-01,2434,2130
2019-07-02,2434,2130
2019-07-03,2434,2130
2019-07-04,2434,2130
2019-07-05,2434,2130
2019-07-06,2434,2130
2019-07-07,2738,2434
2019-07-08,2738,2434
2019-07-09,2738,2434
2019-07-10,2738,2434
2019-07-11,2738,2434
2019-07-12,2738,2434
2019-07-13,2738,2434
2019-07-14,2738,2434
2019-07-15,2738,2434
2019-07-16,2434,2282
2019-07-17,2434,2282
2019-07-18,2434,2282
2019-07-19,2434,2282
2019-07-20,2949,2434
2019-07-21,2586,2434
2019-07-22,2586,2434
2019-07-23,2586,2434
2019-07-24,2586,2434
2019-07-25,2586,2434
2019-07-26,2586,2434
2019-07-27,2622,2458
2019-07-28,2434,2282
2019-07-29,2434,2282
2019-07-30,2434,2282
2019-07-31,2434,2282
2019-08-01,2432,2280
2019-08-02,2432,2280
2019-08-03,2280,2128
2019-08-04,2432,2280
2019-08-05,2432,2280
2019-08-06,2432,2280
2019-08-07,2280,2128
2019-08-08,2432,2280
2019-08-09,2432,2280
2019-08-10,2280,2128
2019-08-11,2128,1976
2019-08-12,2128,1976
2019-08-13,2128,1976
2019-08-14,2128,1976
2019-08-15,2128,1976
2019-08-16,2128,1976
2019-08-17,2128,1976
2019-08-18,2128,1976
2019-08-19,2128,1976
2019-08-20,2128,1976
2019-08-21,2432,2128
2019-08-22,2432,2128
2019-08-23,2432,2128
2019-08-24,2280,2128
2019-08-25,2128,1976
2019-08-26,2128,1976
2019-08-27,2128,1976
2019-08-28,2128,1976
2019-08-29,2128,1976
2019-08-30,2128,1976
2019-08-31,2128,1976
2019-09-01,2123,1972
2019-09-02,2123,1972
2019-09-03,2123,1820
2019-09-04,2123,1820
2019-09-05,2123,1820
2019-09-06,2123,1820
2019-09-07,2614,1972
2019-09-08,2123,1972
2019-09-09,2123,1972
2019-09-10,2123,1972
2019-09-11,2123,1972
2019-09-12,2123,1972
2019-09-13,2123,1972
2019-09-14,2123,1972
2019-09-15,2123,1972
2019-09-16,2123,1972
2019-09-17,2275,1972
2019-09-18,2275,1972
2019-09-19,2275,1972
2019-09-20,2275,1972
2019-09-21,2776,1972
2019-09-22,2275,1972
2019-09-23,2275,1972
2019-09-24,2275,1972
2019-09-25,2614,1972
2019-09-26,2776,1972
2019-09-27,2275,1972
2019-09-28,2275,1972
2019-09-29,2426,2123
2019-09-30,2426,2123
2019-10-01,2423,2120
2019-10-02,2423,2120
2019-10-03,2423,2120
2019-10-04,2423,2120
2019-10-05,2423,2120
2019-10-06,2423,2120
2019-10-07,2423,2120
2019-10-08,2423,2120
2019-10-09,2423,2120
2019-10-10,2423,2120
2019-10-11,2423,2120
2019-10-12,2423,2120
2019-10-13,2423,2120
2019-10-14,2423,2120
2019-10-15,2423,2120
2019-10-16,2423,2120
2019-10-17,2423,2120
2019-10-18,2423,2120
2019-10-19,2423,2120
2019-10-20,2423,2120
2019-10-21,2423,2120
2019-10-22,2120,1817
2019-10-23,2120,1817
2019-10-24,2120,1817
2019-10-25,2120,1817
2019-10-26,2609,2446
2019-10-27,1968,1665
2019-10-28,1968,1665
2019-10-29,1968,1665
2019-10-30,1968,1665
2019-10-31,1968,1665
2019-11-01,1966,1664
2019-11-02,1966,1664
2019-11-03,1966,1664
2019-11-04,1966,1664
2019-11-05,1966,1664
2019-11-06,2117,1966
2019-11-07,2117,1966
2019-11-08,2117,1966
2019-11-09,2117,1966
2019-11-10,2117,1966
2019-11-11,2117,1966
2019-11-12,2117,1966
2019-11-13,2117,1966
2019-11-14,2117,1966
2019-11-15,2117,1966
2019-11-16,2932,2769
2019-11-17,2117,1966
2019-11-18,2117,1966
2019-11-19,2117,1966
2019-11-20,2117,1966
2019-11-21,2722,2420
2019-11-22,2571,2420
2019-11-23,2571,2420
2019-11-24,2571,2420
2019-11-25,2571,2420
2019-11-26,2571,2420
2019-11-27,2571,2420
2019-11-28,2571,2420
2019-11-29,2571,2420
2019-11-30,2571,2420
2019-12-01,2565,2414
2019-12-02,2565,2414
2019-12-03,2716,2414
2019-12-04,2716,2414
2019-12-05,2716,2414
2019-12-06,2716,2414
2019-12-07,2716,3575
2019-12-08,2414,2263
2019-12-09,2414,2263
2019-12-10,2414,2263
2019-12-11,2414,2263
2019-12-12,2414,2263
2019-12-13,2414,2263
2019-12-14,2716,3575
2019-12-15,2565,2263
2019-12-16,2565,2263
2019-12-17,2565,2263
2019-12-18,2565,2263
2019-12-19,2565,2263
2019-12-20,3017,2866
2019-12-21,3017,2866
2019-12-22,3017,2866
2019-12-23,3017,2866
2019-12-24,3017,2866
2019-12-25,3017,2866
2019-12-26,3017,2866
2019-12-27,3017,2866
2019-12-28,3250,2924
2019-12-29,2565,2414
2019-12-30,2565,2414
2019-12-31,2565,2414
2020-01-01,2554,2404
2020-01-02,2554,2404
2020-01-03,2554,2404
2020-01-04,2253,2404
2020-01-05,2253,2404
2020-01-06,2253,2404
2020-01-07,2253,2404
2020-01-08,2253,2404
2020-01-09,2253,2404
2020-01-10,2253,2404
2020-01-11,2554,2404
2020-01-12,2554,2404
2020-01-13,2554,2404
2020-01-14,2554,2404
2020-01-15,2554,2404
2020-01-16,2554,2404
2020-01-17,2554,2404
2020-01-18,2554,2404
2020-01-19,2554,2404
2020-01-20,2554,2404
2020-01-21,2554,2404
2020-01-22,2554,2404
2020-01-23,2554,2404
2020-01-24,2554,2404
2020-01-25,2554,2404
2020-01-26,2404,2253
2020-01-27,2404,2253
2020-01-28,2404,2253
2020-01-29,2404,2253
2020-01-30,2404,2253
2020-01-31,2404,2253
2020-02-01,2388,2238
2020-02-02,2388,2238
2020-02-03,2388,2238
2020-02-04,2388,2238
2020-02-05,2388,2238
2020-02-06,2388,2238
2020-02-07,2388,2238
2020-02-08,2732,2572
2020-02-09,2388,2238
2020-02-10,2388,2238
2020-02-11,2089,1940
2020-02-12,2089,1940
2020-02-13,2089,1940
2020-02-14,2089,1940
2020-02-15,2411,2250
2020-02-16,2089,1940
2020-02-17,2089,1940
2020-02-18,2089,1940
2020-02-19,2089,1940
2020-02-20,2089,1940
2020-02-21,2089,1940
2020-02-22,2089,1940
2020-02-23,2089,1940
2020-02-24,2089,1940
2020-02-25,2089,1940
2020-02-26,2089,1940
2020-02-27,2089,1940
2020-02-28,2089,1940
2020-02-29,2089,1940
2020-03-01,2078,1929
2020-03-02,2078,1929
2020-03-03,2226,2078
2020-03-04,2819,2523
2020-03-05,3858,3561
2020-03-06,3858,3561
2020-03-07,4155,3995
2020-03-08,3265,2968
2020-03-09,3265,2968
2020-03-10,3265,2968
2020-03-11,2671,2523
2020-03-12,2671,2523
2020-03-13,2671,2523
2020-03-14,2671,2523
2020-03-15,2671,2523
2020-03-16,2671,2523
2020-03-17,3561,3265
2020-03-18,3561,3265
2020-03-19,3561,3265
2020-03-20,3561,3265
2020-03-21,3995,3995
2020-03-22,2819,2671
2020-03-23,2819,2671
2020-03-24,2819,2671
2020-03-25,2819,2671
2020-03-26,2819,2671
2020-03-27,2819,2671
2020-03-28,2819,2671
2020-03-29,2819,2671
2020-03-30,2819,2671
2020-03-31,2819,2671
2020-04-01,2815,2667
2020-04-02,2815,2667
2020-04-03,2815,2667
2020-04-04,4148,3989
2020-04-05,2519,2370
2020-04-06,2519,2370
2020-04-07,2519,2370
2020-04-08,2519,2370
2020-04-09,3989,3511
2020-04-10,2519,2370
2020-04-11,2519,2370
2020-04-12,2519,2370
2020-04-13,2519,2370
2020-04-14,2519,2370
2020-04-15,2519,2370
2020-04-16,2519,2370
2020-04-17,2519,2370
2020-04-18,3111,2963
2020-04-19,3111,2963
2020-04-20,3111,2963
2020-04-21,3111,2963
2020-04-22,3111,2963
2020-04-23,3111,2963
2020-04-24,3111,2963
2020-04-25,4468,4308
2020-04-26,3556,3259
2020-04-27,3556,3259
2020-04-28,3556,3259
2020-04-29,3556,3259
2020-04-30,3556,3259
2020-05-01,3270,2973
2020-05-02,3270,2973
2020-05-03,3864,3567
2020-05-04,3864,3567
2020-05-05,3864,3567
2020-05-06,3270,2973
2020-05-07,3270,2973
2020-05-08,3270,2973
2020-05-09,3270,2973
2020-05-10,3270,2973
2020-05-11,3270,2973
2020-05-12,3270,2973
2020-05-13,3270,2973
2020-05-14,3270,2973
2020-05-15,3270,2973
2020-05-16,4322,4002
2020-05-17,3270,2973
2020-05-18,3270,2973
2020-05-19,3270,2973
2020-05-20,3270,2973
2020-05-21,3270,2973
2020-05-22,3270,2973
2020-05-23,4002,3841
2020-05-24,3270,2973
2020-05-25,3270,2973
2020-05-26,3270,2973
2020-05-27,3270,2973
2020-05-28,3270,2973
2020-05-29,3270,2973
2020-05-30,3841,3522
2020-05-31,3580,3282
2020-06-01,3580,3282
2020-06-02,3580,3282
2020-06-03,3580,3282
2020-06-04,3580,3282
2020-06-05,3580,3282
2020-06-06,4177,3879
2020-06-07,4177,3879
2020-06-08,4177,3879
2020-06-09,4016,4016
2020-06-10,4016,4016
2020-06-11,4016,4016
2020-06-12,4016,4016
2020-06-13,4016,4016
2020-06-14,4819,4499
2020-06-15,4819,4499
2020-06-16,3695,3535
2020-06-17,3431,3133
2020-06-18,3431,3133
2020-06-19,3431,3133
2020-06-20,2685,2387
2020-06-21,2835,2685
2020-06-22,2835,2685
2020-06-23,2835,2685
2020-06-24,2089,1939
2020-06-25,2089,1939
2020-06-26,2089,1939
2020-06-27,2089,1939
2020-06-28,2089,1939
2020-06-29,2089,1939
2020-06-30,2387,2238
2020-07-01,2387,2238
2020-07-02,2089,1939
2020-07-03,2089,1939
2020-07-04,2089,1939
2020-07-05,2089,1939
2020-07-06,2089,1939
2020-07-07,2238,2089
2020-07-08,2238,2089
2020-07-09,2238,2089
2020-07-10,2238,2089
2020-07-11,2238,2089
2020-07-12,2238,2089
2020-07-13,2238,2089
2020-07-14,2238,2089
2020-07-15,2089,1939
2020-07-16,2089,1939
2020-07-17,2089,1939
2020-07-18,2089,1939
2020-07-19,2410,2410
2020-07-20,2410,2410
2020-07-21,2089,1939
2020-07-22,1641,1492
2020-07-23,1641,1492
2020-07-24,1939,1492
2020-07-25,1939,1492
2020-07-26,1939,1492
2020-07-27,1939,1492
2020-07-28,1939,1492
2020-07-29,1939,1492
2020-07-30,1492,1492
2020-07-31,1865,1492
2020-08-01,1865,1492
2020-08-02,1865,1492
2020-08-03,1865,1492
2020-08-04,1865,1492
2020-08-05,1865,1492
2020-08-06,1865,1492
2020-08-07,1865,1492
2020-08-08,1865,1492
2020-08-09,1865,1492
2020-08-10,1865,1492
2020-08-11,1940,1641
2020-08-12,1940,1641
2020-08-13,1940,1790
2020-08-14,1940,1641
2020-08-15,1940,1641
2020-08-16,1940,1641
2020-08-17,1940,1641
2020-08-18,1940,1641
2020-08-19,1940,1641
2020-08-20,1940,1343
2020-08-21,1940,1343
2020-08-22,1940,1641
2020-08-23,1940,1641
2020-08-24,1940,1641
2020-08-25,1940,1641
2020-08-26,1940,1641
2020-08-27,1940,1641
2020-08-28,1940,1641
2020-08-29,1940,1641
2020-08-30,1940,1641
2020-08-31,1940,1641
2020-09-01,1934,1636
2020-09-02,1934,1636
2020-09-03,1934,1636
2020-09-04,2528,2231
2020-09-05,2528,2231
2020-09-06,2528,2231
2020-09-07,2528,2231
2020-09-08,2528,2231
2020-09-09,2528,2231
2020-09-10,2528,2231
2020-09-11,2528,2231
2020-09-12,2563,2403
2020-09-13,2563,2403
2020-09-14,2563,2403
2020-09-15,1785,1636
2020-09-16,1785,1636
2020-09-17,1785,1636
2020-09-18,1785,1636
2020-09-19,1934,1636
2020-09-20,2380,2082
2020-09-21,2380,2082
2020-09-22,1785,1636
2020-09-23,1785,1636
2020-09-24,1785,1636
2020-09-25,1934,1636
2020-09-26,1934,1636
2020-09-27,2082,1636
2020-09-28,2082,1636
2020-09-29,1934,1785
2020-09-30,1934,1785
2020-10-01,1935,1786
2020-10-02,2232,1935
2020-10-03,2232,1935
2020-10-04,1935,1786
2020-10-05,1935,1786
2020-10-06,2083,1935
2020-10-07,2083,1935
2020-10-08,2083,1935
2020-10-09,2083,1935
2020-10-10,2083,1935
2020-10-11,2083,1935
2020-10-12,2083,1935
2020-10-13,1935,1786
2020-10-14,1935,1786
2020-10-15,1935,1786
2020-10-16,1935,1786
2020-10-17,1935,1786
2020-10-18,1935,1786
2020-10-19,1935,1786
2020-10-20,1935,1786
2020-10-21,1935,1786
2020-10-22,1935,1786
2020-10-23,1935,1786
2020-10-24,1935,1786
2020-10-25,1935,1786
2020-10-26,1935,1786
2020-10-27,1935,1786
2020-10-28,1935,1786
2020-10-29,1935,1786
2020-10-30,1860,1786
2020-10-31,1860,1786
2020-11-01,2235,2086
2020-11-02,2235,2086
2020-11-03,1788,2086
2020-11-04,1788,2086
2020-11-05,2086,1788
2020-11-06,2235,2086
2020-11-07,2384,2086
2020-11-08,2384,2086
2020-11-09,2384,2086
2020-11-10,2086,1937
2020-11-11,2086,1937
2020-11-12,2086,1937
2020-11-13,2384,2086
2020-11-14,2384,2086
2020-11-15,2408,2086
2020-11-16,2408,2086
2020-11-17,1937,1788
2020-11-18,1937,1788
2020-11-19,1937,1788
2020-11-20,2384,2086
2020-11-21,2683,2086
2020-11-22,2683,2086
2020-11-23,2683,2086
2020-11-24,2235,2086
2020-11-25,2235,2086
2020-11-26,2235,2086
2020-11-27,2235,2086
2020-11-28,2235,2086
2020-11-29,2683,2235
2020-11-30,2683,2235
2020-12-01,1930,1782
2020-12-02,1670,1856
2020-12-03,1670,1856
2020-12-04,1670,1856
2020-12-05,1670,1856
2020-12-06,1856,1485
2020-12-07,1856,1485
2020-12-08,1670,1485
2020-12-09,1782,1633
2020-12-10,1782,1633
2020-12-11,1707,1485
2020-12-12,1707,1485
2020-12-13,1707,1485
2020-12-14,1707,1485
2020-12-15,1707,1485
2020-12-16,1336,1485
2020-12-17,1633,1485
2020-12-18,1633,1485
2020-12-19,1633,1485
2020-12-20,1633,1485
2020-12-21,1633,1485
2020-12-22,1633,1485
2020-12-23,1633,1485
2020-12-24,1633,1485
2020-12-25,1633,1485
2020-12-26,1633,1485
2020-12-27,1633,1485
2020-12-28,1633,1485
2020-12-29,1633,1485
2020-12-30,1633,1485
2020-12-31,1633,1485
2021-01-01,2218,1922
2021-01-02,2218,1922
2021-01-03,2218,1922
2021-01-04,2218,1922
2021-01-05,1774,1626
2021-01-06,1774,1626
2021-01-07,1774,1626
2021-01-08,2588,2218
2021-01-09,2588,2218
2021-01-10,3327,2957
2021-01-11,3327,2957
2021-01-12,1922,1774
2021-01-13,1922,1774
2021-01-14,1922,1774
2021-01-15,2662,2366
2021-01-16,3662,3504
2021-01-17,2957,2662
2021-01-18,2957,2662
2021-01-19,2957,2662
2021-01-20,2957,2662
2021-01-21,2809,2662
2021-01-22,2366,2070
2021-01-23,2366,2070
2021-01-24,2366,2070
2021-01-25,2366,2070
2021-01-26,2366,2218
2021-01-27,2366,2218
2021-01-28,2366,2218
2021-01-29,2957,2662
2021-01-30,2957,2662
2021-01-31,2939,2351
2021-02-01,2939,2351
2021-02-02,2498,2351
2021-02-03,2498,2351
2021-02-04,2498,2351
2021-02-05,2498,2351
2021-02-06,2498,2351
2021-02-07,2498,2351
2021-02-08,2498,2351
2021-02-09,2498,2351
2021-02-10,2498,2351
2021-02-11,2498,2351
2021-02-12,2424,2204
2021-02-13,2424,2204
2021-02-14,2424,2204
2021-02-15,2424,2204
2021-02-16,2424,2204
2021-02-17,2424,2204
2021-02-18,2424,2204
2021-02-19,2424,2204
2021-02-20,2645,2351
2021-02-21,2645,2351
2021-02-22,2645,2351
2021-02-23,2498,2351
2021-02-24,2939,2351
2021-02-25,2498,2351
2021-02-26,2498,2351
2021-02-27,2498,2351
2021-02-28,3509,3216
2021-03-01,3509,3216
2021-03-02,4386,4093
2021-03-03,3655,3289
2021-03-04,3655,3289
2021-03-05,3655,3289
2021-03-06,3655,3289
2021-03-07,3655,3289
2021-03-08,3655,3289
2021-03-09,3216,2924
2021-03-10,2924,2924
2021-03-11,2924,2924
2021-03-12,2924,2924
2021-03-13,2924,2924
2021-03-14,2924,2924
2021-03-15,2924,2924
2021-03-16,2924,2924
2021-03-17,2924,2924
2021-03-18,2924,2924
2021-03-19,2924,2924
2021-03-20,3149,2834
2021-03-21,2924,2924
2021-03-22,2924,2924
2021-03-23,2631,2339
2021-03-24,2631,2339
2021-03-25,2631,2339
2021-03-26,2631,2339
2021-03-27,2631,2339
2021-03-28,2631,2339
2021-03-29,2631,2339
2021-03-30,2193,2047
2021-03-31,2193,2047
2021-04-01,2348,2191
2021-04-02,2325,2035
2021-04-03,2325,2035
2021-04-04,2543,2180
2021-04-05,2543,2180
2021-04-06,2035,2180
2021-04-07,2035,2180
2021-04-08,2035,2180
2021-04-09,2817,2180
2021-04-10,2543,2180
2021-04-11,2543,2180
2021-04-12,2543,2180
2021-04-13,2035,1889
2021-04-14,2543,2180
2021-04-15,2543,2180
2021-04-16,2543,2180
2021-04-17,2543,2180
2021-04-18,2543,2180
2021-04-19,2543,2180
2021-04-20,2180,2035
2021-04-21,2543,2180
2021-04-22,2543,2180
2021-04-23,2543,2180
2021-04-24,2543,2180
2021-04-25,2543,2180
2021-04-26,2543,2180
2021-04-27,2035,1889
2021-04-28,2543,2180
2021-04-29,2543,2180
2021-04-30,2543,2180
2021-05-01,3237,2878
2021-05-02,3237,2878
2021-05-03,3237,2878
2021-05-04,3237,2878
2021-05-05,4316,4029
2021-05-06,3597,2878
2021-05-07,3597,2878
2021-05-08,3597,2878
2021-05-09,3957,3597
2021-05-10,3957,3597
2021-05-11,3957,3597
2021-05-12,3957,3597
2021-05-13,3957,3597
2021-05-14,3957,3597
2021-05-15,3957,3597
2021-05-16,3957,3597
2021-05-17,4339,3874
2021-05-18,3165,2878
2021-05-19,3597,2878
2021-05-20,4648,4184
2021-05-21,3597,2878
2021-05-22,3597,2878
2021-05-23,3597,2878
2021-05-24,3597,2878
2021-05-25,2878,2590
2021-05-26,2878,2590
2021-05-27,2878,2590
2021-05-28,2878,2590
2021-05-29,2878,2590
2021-05-30,2878,2590
2021-05-31,2878,2590
2021-06-01,2879,2591
2021-06-02,2879,2591
2021-06-03,2879,2591
2021-06-04,2447,2303
2021-06-05,2447,3359
2021-06-06,2879,2591
2021-06-07,2879,2591
2021-06-08,2447,2303
2021-06-09,2447,2303
2021-06-10,2447,2303
2021-06-11,2447,2303
2021-06-12,3023,2519
2021-06-13,3023,2855
2021-06-14,3023,2855
2021-06-15,2015,1871
2021-06-16,2519,2159
2021-06-17,2159,1800
2021-06-18,2159,1800
2021-06-19,3359,3023
2021-06-20,2159,1800
2021-06-21,2159,1800
2021-06-22,2159,1800
2021-06-23,1800,1440
2021-06-24,1800,1440
2021-06-25,2519,2351
2021-06-26,2519,2351
2021-06-27,1800,1440
2021-06-28,1800,1440
2021-06-29,1800,1440
2021-06-30,1800,1440
2021-07-01,1794,1435
2021-07-02,3348,3013
2021-07-03,2511,2152
2021-07-04,2511,2152
2021-07-05,2511,2152
2021-07-06,2511,2152
2021-07-07,2511,2152
2021-07-08,2511,2152
2021-07-09,2511,2152
2021-07-10,3181,2845
2021-07-11,3348,2845
2021-07-12,3348,2845
2021-07-13,3348,3013
2021-07-14,3013,2679
2021-07-15,3013,2511
2021-07-16,3013,2679
2021-07-17,3013,2679
2021-07-18,3013,2845
2021-07-19,3013,2845
2021-07-20,3181,2845
2021-07-21,2845,2511
2021-07-22,2679,2511
2021-07-23,2679,2511
2021-07-24,2679,2511
2021-07-25,3348,2845
2021-07-26,3348,2845
2021-07-27,3143,2857
2021-07-28,3143,2857
2021-07-29,3143,2857
2021-07-30,3143,2857
2021-07-31,3143,2857
2021-08-01,3143,2857
2021-08-02,3143,2857
2021-08-03,3143,2857
2021-08-04,3143,2857
2021-08-05,3143,2857
2021-08-06,3143,2857
2021-08-07,3143,2857
2021-08-08,3143,2857
2021-08-09,3143,2857
2021-08-10,3143,2857
2021-08-11,3143,2857
2021-08-12,3143,2857
2021-08-13,3143,2857
2021-08-14,3143,2857
2021-08-15,3143,2857
2021-08-16,3143,2857
2021-08-17,3143,2857
2021-08-18,3143,2857
2021-08-19,3143,2857
2021-08-20,3214,2857
2021-08-21,3143,2857
2021-08-22,3143,2857
2021-08-23,3143,2857
2021-08-24,3143,2857
2021-08-25,3143,2857
2021-08-26,3143,2857
2021-08-27,3143,2857
2021-08-28,3143,2857
2021-08-29,3143,2857
2021-08-30,3286,3000
